x,f_hz,W_real,W_imag,l,b,h,rho,E0,eta,F,m,k_phi,k_x,use_ideal
0.0,1.0,0.020767076185348902,2.0432831277430346,0.2,0.01,0.001,2700.0,10000000000.0,0.01,1.0,0.0,10.0,10.0,1
0.0,2.0,0.04594300038838416,4.2977256825579975,0.2,0.01,0.001,2700.0,10000000000.0,0.01,1.0,0.0,10.0,10.0,1
0.0,3.0,0.08261539720206508,7.056561181505112,0.2,0.01,0.001,2700.0,10000000000.0,0.01,1.0,0.0,10.0,10.0,1
0.0,4.0,0.14681838376660827,10.854749475808179,0.2,0.01,0.001,2700.0,10000000000.0,0.01,1.0,0.0,10.0,10.0,1
0.0,5.0,0.28696522436147476,16.94137626033338,0.2,0.01,0.001,2700.0,10000000000.0,0.01,1.0,0.0,10.0,10.0,1
0.0,6.0,0.7205513332137174,29.323892328732622,0.2,0.01,0.001,2700.0,10000000000.0,0.01,1.0,0.0,10.0,10.0,1
0.0,7.0,3.825591976352101,72.57257777449753,0.2,0.01,0.001,2700.0,10000000000.0,0.01,1.0,0.0,10.0,10.0,1
0.0,8.0,42.88850448220098,-254.69797107764296,0.2,0.01,0.001,2700.0,10000000000.0,0.01,1.0,0.0,10.0,10.0,1
0.0,9.0,1.5154723377253132,-50.92959014860245,0.2,0.01,0.001,2700.0,10000000000.0,0.01,1.0,0.0,10.0,10.0,1
0.0,10.0,0.46049085856007804,-29.156561690215405,0.2,0.01,0.001,2700.0,10000000000.0,0.01,1.0,0.0,10.0,10.0,1
0.0,11.0,0.22042281210043238,-20.721386541432047,0.2,0.01,0.001,2700.0,10000000000.0,0.01,1.0,0.0,10.0,10.0,1
0.0,12.0,0.13016295780794987,-16.17630196294345,0.2,0.01,0.001,2700.0,10000000000.0,0.01,1.0,0.0,10.0,10.0,1
0.0,13.0,0.0872073953664101,-13.296224562390986,0.2,0.01,0.001,2700.0,10000000000.0,0.01,1.0,0.0,10.0,10.0,1
0.0,14.0,0.06380468522951696,-11.283392823800991,0.2,0.01,0.001,2700.0,10000000000.0,0.01,1.0,0.0,10.0,10.0,1
0.0,15.0,0.04993737575289877,-9.7804977518068,0.2,0.01,0.001,2700.0,10000000000.0,0.01,1.0,0.0,10.0,10.0,1
0.0,16.0,0.04128162708569582,-8.60320793681912,0.2,0.01,0.001,2700.0,10000000000.0,0.01,1.0,0.0,10.0,10.0,1
0.0,17.0,0.035728065481192256,-7.646538201583535,0.2,0.01,0.001,2700.0,10000000000.0,0.01,1.0,0.0,10.0,10.0,1
0.0,18.0,0.032152507101260115,-6.84611284509841,0.2,0.01,0.001,2700.0,10000000000.0,0.01,1.0,0.0,10.0,10.0,1
0.0,19.0,0.029915444035253546,-6.160108813406293,0.2,0.01,0.001,2700.0,10000000000.0,0.01,1.0,0.0,10.0,10.0,1
0.0,20.0,0.028635513221309788,-5.560044068443716,0.2,0.01,0.001,2700.0,10000000000.0,0.01,1.0,0.0,10.0,10.0,1
0.0,21.0,0.02807825755597594,-5.025731974546131,0.2,0.01,0.001,2700.0,10000000000.0,0.01,1.0,0.0,10.0,10.0,1
0.0,22.0,0.028097924160388386,-4.542352433188283,0.2,0.01,0.001,2700.0,10000000000.0,0.01,1.0,0.0,10.0,10.0,1
0.0,23.0,0.028605524398730146,-4.098666275296164,0.2,0.01,0.001,2700.0,10000000000.0,0.01,1.0,0.0,10.0,10.0,1
0.0,24.0,0.029550763082075555,-3.685878589100714,0.2,0.01,0.001,2700.0,10000000000.0,0.01,1.0,0.0,10.0,10.0,1
0.0,25.0,0.03091176176960236,-3.2968854202120736,0.2,0.01,0.001,2700.0,10000000000.0,0.01,1.0,0.0,10.0,10.0,1
0.0,26.0,0.03268947728580135,-2.9257539103060983,0.2,0.01,0.001,2700.0,10000000000.0,0.01,1.0,0.0,10.0,10.0,1
0.0,27.0,0.03490521766446945,-2.5673471632754623,0.2,0.01,0.001,2700.0,10000000000.0,0.01,1.0,0.0,10.0,10.0,1
0.0,28.0,0.037600479024231394,-2.2170386866823146,0.2,0.01,0.001,2700.0,10000000000.0,0.01,1.0,0.0,10.0,10.0,1
0.0,29.0,0.04083883476398959,-1.870479963472598,0.2,0.01,0.001,2700.0,10000000000.0,0.01,1.0,0.0,10.0,10.0,1
0.0,30.0,0.044709991002671895,-1.5233949170812093,0.2,0.01,0.001,2700.0,10000000000.0,0.01,1.0,0.0,10.0,10.0,1
0.0,31.0,0.04933649701331084,-1.1713798947508478,0.2,0.01,0.001,2700.0,10000000000.0,0.01,1.0,0.0,10.0,10.0,1
0.0,32.0,0.054884069423282486,-0.8096887134210289,0.2,0.01,0.001,2700.0,10000000000.0,0.01,1.0,0.0,10.0,10.0,1
0.0,33.0,0.061577184306793806,-0.43297954493196145,0.2,0.01,0.001,2700.0,10000000000.0,0.01,1.0,0.0,10.0,10.0,1
0.0,34.0,0.06972272198906959,-0.03499317327360487,0.2,0.01,0.001,2700.0,10000000000.0,0.01,1.0,0.0,10.0,10.0,1
0.0,35.0,0.07974639831777924,0.3918817255838839,0.2,0.01,0.001,2700.0,10000000000.0,0.01,1.0,0.0,10.0,10.0,1
0.0,36.0,0.09225023029926975,0.8572256377619156,0.2,0.01,0.001,2700.0,10000000000.0,0.01,1.0,0.0,10.0,10.0,1
0.0,37.0,0.10810589824029315,1.3735020683065924,0.2,0.01,0.001,2700.0,10000000000.0,0.01,1.0,0.0,10.0,10.0,1
0.0,38.0,0.12861190123598035,1.9574662476854958,0.2,0.01,0.001,2700.0,10000000000.0,0.01,1.0,0.0,10.0,10.0,1
0.0,39.0,0.15576946025164373,2.632427968438786,0.2,0.01,0.001,2700.0,10000000000.0,0.01,1.0,0.0,10.0,10.0,1
0.0,40.0,0.19279178567365304,3.432055204604677,0.2,0.01,0.001,2700.0,10000000000.0,0.01,1.0,0.0,10.0,10.0,1
0.0,41.0,0.2451026573400438,4.4071125447638435,0.2,0.01,0.001,2700.0,10000000000.0,0.01,1.0,0.0,10.0,10.0,1
0.0,42.0,0.32244540139039907,5.63817712392358,0.2,0.01,0.001,2700.0,10000000000.0,0.01,1.0,0.0,10.0,10.0,1
0.0,43.0,0.4437739381641296,7.261594069581676,0.2,0.01,0.001,2700.0,10000000000.0,0.01,1.0,0.0,10.0,10.0,1
0.0,44.0,0.6500675540802494,9.528094485254393,0.2,0.01,0.001,2700.0,10000000000.0,0.01,1.0,0.0,10.0,10.0,1
0.0,45.0,1.043998959681768,12.95450320097046,0.2,0.01,0.001,2700.0,10000000000.0,0.01,1.0,0.0,10.0,10.0,1
0.0,46.0,1.9467985098661758,18.801085342036775,0.2,0.01,0.001,2700.0,10000000000.0,0.01,1.0,0.0,10.0,10.0,1
0.0,47.0,4.829780051813474,31.115718944911066,0.2,0.01,0.001,2700.0,10000000000.0,0.01,1.0,0.0,10.0,10.0,1
0.0,48.0,25.6433437821509,71.8458559510474,0.2,0.01,0.001,2700.0,10000000000.0,0.01,1.0,0.0,10.0,10.0,1
0.0,49.0,99.11126237331833,-121.59203760362013,0.2,0.01,0.001,2700.0,10000000000.0,0.01,1.0,0.0,10.0,10.0,1
0.0,50.0,8.303737197244182,-46.5424546782511,0.2,0.01,0.001,2700.0,10000000000.0,0.01,1.0,0.0,10.0,10.0,1
0.0,51.0,2.706078512067309,-27.856339212203554,0.2,0.01,0.001,2700.0,10000000000.0,0.01,1.0,0.0,10.0,10.0,1
0.0,52.0,1.3222533338945375,-20.169763604892623,0.2,0.01,0.001,2700.0,10000000000.0,0.01,1.0,0.0,10.0,10.0,1
0.0,53.0,0.7820021082354447,-15.987627256207407,0.2,0.01,0.001,2700.0,10000000000.0,0.01,1.0,0.0,10.0,10.0,1
0.0,54.0,0.5169992723549862,-13.35053313969433,0.2,0.01,0.001,2700.0,10000000000.0,0.01,1.0,0.0,10.0,10.0,1
0.0,55.0,0.36778252749878787,-11.528739200609683,0.2,0.01,0.001,2700.0,10000000000.0,0.01,1.0,0.0,10.0,10.0,1
0.0,56.0,0.27560903021575894,-10.189355041646369,0.2,0.01,0.001,2700.0,10000000000.0,0.01,1.0,0.0,10.0,10.0,1
0.0,57.0,0.21475723248559292,-9.159049766623104,0.2,0.01,0.001,2700.0,10000000000.0,0.01,1.0,0.0,10.0,10.0,1
0.0,58.0,0.1725229564321652,-8.338725187220632,0.2,0.01,0.001,2700.0,10000000000.0,0.01,1.0,0.0,10.0,10.0,1
0.0,59.0,0.1420465065558359,-7.667626366162043,0.2,0.01,0.001,2700.0,10000000000.0,0.01,1.0,0.0,10.0,10.0,1
0.0,60.0,0.11936020387928578,-7.106429912984891,0.2,0.01,0.001,2700.0,10000000000.0,0.01,1.0,0.0,10.0,10.0,1
0.0,61.0,0.10203993119234478,-6.6285549347760355,0.2,0.01,0.001,2700.0,10000000000.0,0.01,1.0,0.0,10.0,10.0,1
0.0,62.0,0.0885369726502367,-6.215383424026844,0.2,0.01,0.001,2700.0,10000000000.0,0.01,1.0,0.0,10.0,10.0,1
0.0,63.0,0.07782444267763951,-5.8534816144842745,0.2,0.01,0.001,2700.0,10000000000.0,0.01,1.0,0.0,10.0,10.0,1
0.0,64.0,0.06919975818516941,-5.5329089178540105,0.2,0.01,0.001,2700.0,10000000000.0,0.01,1.0,0.0,10.0,10.0,1
0.0,65.0,0.062169143012300816,-5.246148283775159,0.2,0.01,0.001,2700.0,10000000000.0,0.01,1.0,0.0,10.0,10.0,1
0.0,66.0,0.05637742289698348,-4.9874069569033646,0.2,0.01,0.001,2700.0,10000000000.0,0.01,1.0,0.0,10.0,10.0,1
0.0,67.0,0.05156389627758848,-4.75214615349119,0.2,0.01,0.001,2700.0,10000000000.0,0.01,1.0,0.0,10.0,10.0,1
0.0,68.0,0.0475337731365188,-4.536756735157771,0.2,0.01,0.001,2700.0,10000000000.0,0.01,1.0,0.0,10.0,10.0,1
0.0,69.0,0.044139208305353506,-4.338330592921531,0.2,0.01,0.001,2700.0,10000000000.0,0.01,1.0,0.0,10.0,10.0,1
0.0,70.0,0.041266415812998586,-4.1544963192868325,0.2,0.01,0.001,2700.0,10000000000.0,0.01,1.0,0.0,10.0,10.0,1
0.0,71.0,0.03882673474050547,-3.983299006576697,0.2,0.01,0.001,2700.0,10000000000.0,0.01,1.0,0.0,10.0,10.0,1
0.0,72.0,0.03675032076961293,-3.8231109253014584,0.2,0.01,0.001,2700.0,10000000000.0,0.01,1.0,0.0,10.0,10.0,1
0.0,73.0,0.03498161793244052,-3.6725641930749604,0.2,0.01,0.001,2700.0,10000000000.0,0.01,1.0,0.0,10.0,10.0,1
0.0,74.0,0.0334760595646225,-3.530499352848869,0.2,0.01,0.001,2700.0,10000000000.0,0.01,1.0,0.0,10.0,10.0,1
0.0,75.0,0.032197632258738625,-3.3959256272075518,0.2,0.01,0.001,2700.0,10000000000.0,0.01,1.0,0.0,10.0,10.0,1
0.0,76.0,0.031117055052805886,-3.26798985463406,0.2,0.01,0.001,2700.0,10000000000.0,0.01,1.0,0.0,10.0,10.0,1
0.0,77.0,0.030210403461602805,-3.1459519589609948,0.2,0.01,0.001,2700.0,10000000000.0,0.01,1.0,0.0,10.0,10.0,1
0.0,78.0,0.029458059403932268,-3.029165388975891,0.2,0.01,0.001,2700.0,10000000000.0,0.01,1.0,0.0,10.0,10.0,1
0.0,79.0,0.02884390286531803,-2.9170613769561275,0.2,0.01,0.001,2700.0,10000000000.0,0.01,1.0,0.0,10.0,10.0,1
0.0,80.0,0.02835468498370158,-2.809136158292847,0.2,0.01,0.001,2700.0,10000000000.0,0.01,1.0,0.0,10.0,10.0,1
0.0,81.0,0.027979538857344218,-2.704940505945683,0.2,0.01,0.001,2700.0,10000000000.0,0.01,1.0,0.0,10.0,10.0,1
0.0,82.0,0.027709596082612083,-2.6040710877950413,0.2,0.01,0.001,2700.0,10000000000.0,0.01,1.0,0.0,10.0,10.0,1
0.0,83.0,0.027537685393829284,-2.5061632686775077,0.2,0.01,0.001,2700.0,10000000000.0,0.01,1.0,0.0,10.0,10.0,1
0.0,84.0,0.02745809581907904,-2.4108850634945163,0.2,0.01,0.001,2700.0,10000000000.0,0.01,1.0,0.0,10.0,10.0,1
0.0,85.0,0.02746639119883346,-2.317932011236195,0.2,0.01,0.001,2700.0,10000000000.0,0.01,1.0,0.0,10.0,10.0,1
0.0,86.0,0.027559266191833073,-2.227022787720797,0.2,0.01,0.001,2700.0,10000000000.0,0.01,1.0,0.0,10.0,10.0,1
0.0,87.0,0.027734436359125265,-2.137895411310331,0.2,0.01,0.001,2700.0,10000000000.0,0.01,1.0,0.0,10.0,10.0,1
0.0,88.0,0.02799055680052674,-2.0503039236859837,0.2,0.01,0.001,2700.0,10000000000.0,0.01,1.0,0.0,10.0,10.0,1
0.0,89.0,0.028327165284170234,-1.964015449067283,0.2,0.01,0.001,2700.0,10000000000.0,0.01,1.0,0.0,10.0,10.0,1
0.0,90.0,0.028744646976082797,-1.8788075515096758,0.2,0.01,0.001,2700.0,10000000000.0,0.01,1.0,0.0,10.0,10.0,1
0.0,91.0,0.02924421883443345,-1.7944658222691525,0.2,0.01,0.001,2700.0,10000000000.0,0.01,1.0,0.0,10.0,10.0,1
0.0,92.0,0.029827932553051703,-1.7107816384167733,0.2,0.01,0.001,2700.0,10000000000.0,0.01,1.0,0.0,10.0,10.0,1
0.0,93.0,0.030498695668589357,-1.6275500405778687,0.2,0.01,0.001,2700.0,10000000000.0,0.01,1.0,0.0,10.0,10.0,1
0.0,94.0,0.03126031113610911,-1.544567682194565,0.2,0.01,0.001,2700.0,10000000000.0,0.01,1.0,0.0,10.0,10.0,1
0.0,95.0,0.03211753636632942,-1.4616308053779383,0.2,0.01,0.001,2700.0,10000000000.0,0.01,1.0,0.0,10.0,10.0,1
0.0,96.0,0.033076163447396285,-1.3785331993796632,0.2,0.01,0.001,2700.0,10000000000.0,0.01,1.0,0.0,10.0,10.0,1
0.0,97.0,0.03414312308451284,-1.2950640969978509,0.2,0.01,0.001,2700.0,10000000000.0,0.01,1.0,0.0,10.0,10.0,1
0.0,98.0,0.03532661572408342,-1.2110059618466533,0.2,0.01,0.001,2700.0,10000000000.0,0.01,1.0,0.0,10.0,10.0,1
0.0,99.0,0.0366362744616481,-1.1261321151722057,0.2,0.01,0.001,2700.0,10000000000.0,0.01,1.0,0.0,10.0,10.0,1
0.0,100.0,0.03808336570461056,-1.0402041445747543,0.2,0.01,0.001,2700.0,10000000000.0,0.01,1.0,0.0,10.0,10.0,1
0.0,101.0,0.03968103530088446,-0.9529690282038236,0.2,0.01,0.001,2700.0,10000000000.0,0.01,1.0,0.0,10.0,10.0,1
0.0,102.0,0.0414446100423659,-0.8641558961648709,0.2,0.01,0.001,2700.0,10000000000.0,0.01,1.0,0.0,10.0,10.0,1
0.0,103.0,0.04339196730284112,-0.7734723352815809,0.2,0.01,0.001,2700.0,10000000000.0,0.01,1.0,0.0,10.0,10.0,1
0.0,104.0,0.04554398927216332,-0.6806001229176779,0.2,0.01,0.001,2700.0,10000000000.0,0.01,1.0,0.0,10.0,10.0,1
0.0,105.0,0.047925123137851994,-0.5851902488358361,0.2,0.01,0.001,2700.0,10000000000.0,0.01,1.0,0.0,10.0,10.0,1
0.0,106.0,0.05056407506468803,-0.4868570491311896,0.2,0.01,0.001,2700.0,10000000000.0,0.01,1.0,0.0,10.0,10.0,1
0.0,107.0,0.053494674547532255,-0.38517123031308265,0.2,0.01,0.001,2700.0,10000000000.0,0.01,1.0,0.0,10.0,10.0,1
0.0,108.0,0.05675695755447794,-0.27965150089856794,0.2,0.01,0.001,2700.0,10000000000.0,0.01,1.0,0.0,10.0,10.0,1
0.0,109.0,0.06039853309054155,-0.16975444709243134,0.2,0.01,0.001,2700.0,10000000000.0,0.01,1.0,0.0,10.0,10.0,1
0.0,110.0,0.06447632026632379,-0.054862180717527305,0.2,0.01,0.001,2700.0,10000000000.0,0.01,1.0,0.0,10.0,10.0,1
0.0,111.0,0.06905877439063778,0.06573285924344732,0.2,0.01,0.001,2700.0,10000000000.0,0.01,1.0,0.0,10.0,10.0,1
0.0,112.0,0.07422876514907176,0.19284677086529017,0.2,0.01,0.001,2700.0,10000000000.0,0.01,1.0,0.0,10.0,10.0,1
0.0,113.0,0.0800873338489039,0.3274278162599869,0.2,0.01,0.001,2700.0,10000000000.0,0.01,1.0,0.0,10.0,10.0,1
0.0,114.0,0.08675864970753318,0.4705862967909593,0.2,0.01,0.001,2700.0,10000000000.0,0.01,1.0,0.0,10.0,10.0,1
0.0,115.0,0.0943966224646949,0.623632712666514,0.2,0.01,0.001,2700.0,10000000000.0,0.01,1.0,0.0,10.0,10.0,1
0.0,116.0,0.10319383458899978,0.7881270347080377,0.2,0.01,0.001,2700.0,10000000000.0,0.01,1.0,0.0,10.0,10.0,1
0.0,117.0,0.11339377078387365,0.965943071583694,0.2,0.01,0.001,2700.0,10000000000.0,0.01,1.0,0.0,10.0,10.0,1
0.0,118.0,0.12530781162383092,1.1593536306277292,0.2,0.01,0.001,2700.0,10000000000.0,0.01,1.0,0.0,10.0,10.0,1
0.0,119.0,0.13933923491630643,1.3711447618580241,0.2,0.01,0.001,2700.0,10000000000.0,0.01,1.0,0.0,10.0,10.0,1
0.0,120.0,0.15601773029516353,1.6047713698486938,0.2,0.01,0.001,2700.0,10000000000.0,0.01,1.0,0.0,10.0,10.0,1
0.0,121.0,0.17605003474797193,1.8645727733949038,0.2,0.01,0.001,2700.0,10000000000.0,0.01,1.0,0.0,10.0,10.0,1
0.0,122.0,0.20039589784845183,2.1560769565197395,0.2,0.01,0.001,2700.0,10000000000.0,0.01,1.0,0.0,10.0,10.0,1
0.0,123.0,0.23038494943932697,2.486439112493379,0.2,0.01,0.001,2700.0,10000000000.0,0.01,1.0,0.0,10.0,10.0,1
0.0,124.0,0.26790169077123116,2.8650889027377398,0.2,0.01,0.001,2700.0,10000000000.0,0.01,1.0,0.0,10.0,10.0,1
0.0,125.0,0.31568801584389555,3.304711829254276,0.2,0.01,0.001,2700.0,10000000000.0,0.01,1.0,0.0,10.0,10.0,1
0.0,126.0,0.37785689416190127,3.8227838374755727,0.2,0.01,0.001,2700.0,10000000000.0,0.01,1.0,0.0,10.0,10.0,1
0.0,127.0,0.46080376848475424,4.444058343205112,0.2,0.01,0.001,2700.0,10000000000.0,0.01,1.0,0.0,10.0,10.0,1
0.0,128.0,0.5749098798257293,5.204768962976994,0.2,0.01,0.001,2700.0,10000000000.0,0.01,1.0,0.0,10.0,10.0,1
0.0,129.0,0.7379310566321821,6.160092229749041,0.2,0.01,0.001,2700.0,10000000000.0,0.01,1.0,0.0,10.0,10.0,1
0.0,130.0,0.9822773181197866,7.398210071192332,0.2,0.01,0.001,2700.0,10000000000.0,0.01,1.0,0.0,10.0,10.0,1
0.0,131.0,1.3722336103151611,9.068788630020236,0.2,0.01,0.001,2700.0,10000000000.0,0.01,1.0,0.0,10.0,10.0,1
0.0,132.0,2.050123125161939,11.44594361004725,0.2,0.01,0.001,2700.0,10000000000.0,0.01,1.0,0.0,10.0,10.0,1
0.0,133.0,3.3827959759458466,15.082670889854478,0.2,0.01,0.001,2700.0,10000000000.0,0.01,1.0,0.0,10.0,10.0,1
0.0,134.0,6.5519823118128615,21.22715189501045,0.2,0.01,0.001,2700.0,10000000000.0,0.01,1.0,0.0,10.0,10.0,1
0.0,135.0,16.922202533203144,32.6758273952975,0.2,0.01,0.001,2700.0,10000000000.0,0.01,1.0,0.0,10.0,10.0,1
0.0,136.0,65.76263076022703,35.28739079956104,0.2,0.01,0.001,2700.0,10000000000.0,0.01,1.0,0.0,10.0,10.0,1
0.0,137.0,47.50233732464647,-44.58531911885843,0.2,0.01,0.001,2700.0,10000000000.0,0.01,1.0,0.0,10.0,10.0,1
0.0,138.0,13.051900077595558,-32.49635895994823,0.2,0.01,0.001,2700.0,10000000000.0,0.01,1.0,0.0,10.0,10.0,1
0.0,139.0,5.501044213350811,-22.62039852610679,0.2,0.01,0.001,2700.0,10000000000.0,0.01,1.0,0.0,10.0,10.0,1
0.0,140.0,2.9733496710069605,-17.246048675894738,0.2,0.01,0.001,2700.0,10000000000.0,0.01,1.0,0.0,10.0,10.0,1
0.0,141.0,1.8522485604541254,-13.982819380202407,0.2,0.01,0.001,2700.0,10000000000.0,0.01,1.0,0.0,10.0,10.0,1
0.0,142.0,1.2626109830591066,-11.809609195727695,0.2,0.01,0.001,2700.0,10000000000.0,0.01,1.0,0.0,10.0,10.0,1
0.0,143.0,0.9156591285317197,-10.26210356867896,0.2,0.01,0.001,2700.0,10000000000.0,0.01,1.0,0.0,10.0,10.0,1
0.0,144.0,0.6947003202884249,-9.10439362034458,0.2,0.01,0.001,2700.0,10000000000.0,0.01,1.0,0.0,10.0,10.0,1
0.0,145.0,0.5454808296109425,-8.205128261308703,0.2,0.01,0.001,2700.0,10000000000.0,0.01,1.0,0.0,10.0,10.0,1
0.0,146.0,0.44005238171748545,-7.485718154426439,0.2,0.01,0.001,2700.0,10000000000.0,0.01,1.0,0.0,10.0,10.0,1
0.0,147.0,0.36284609409368174,-6.896383592438021,0.2,0.01,0.001,2700.0,10000000000.0,0.01,1.0,0.0,10.0,10.0,1
0.0,148.0,0.3046375919787,-6.404109550399318,0.2,0.01,0.001,2700.0,10000000000.0,0.01,1.0,0.0,10.0,10.0,1
0.0,149.0,0.2596821786378298,-5.986157141778405,0.2,0.01,0.001,2700.0,10000000000.0,0.01,1.0,0.0,10.0,10.0,1
0.0,150.0,0.22425192029702057,-5.626363781299334,0.2,0.01,0.001,2700.0,10000000000.0,0.01,1.0,0.0,10.0,10.0,1
0.0,151.0,0.19584259533937,-5.312930754585402,0.2,0.01,0.001,2700.0,10000000000.0,0.01,1.0,0.0,10.0,10.0,1
0.0,152.0,0.17272178266487445,-5.0370458697201235,0.2,0.01,0.001,2700.0,10000000000.0,0.01,1.0,0.0,10.0,10.0,1
0.0,153.0,0.15366021788529063,-4.791995897090393,0.2,0.01,0.001,2700.0,10000000000.0,0.01,1.0,0.0,10.0,10.0,1
0.0,154.0,0.13776618695239298,-4.572577294398511,0.2,0.01,0.001,2700.0,10000000000.0,0.01,1.0,0.0,10.0,10.0,1
0.0,155.0,0.12438016582095326,-4.374694631921614,0.2,0.01,0.001,2700.0,10000000000.0,0.01,1.0,0.0,10.0,10.0,1
0.0,156.0,0.11300590961694465,-4.19508056925135,0.2,0.01,0.001,2700.0,10000000000.0,0.01,1.0,0.0,10.0,10.0,1
0.0,157.0,0.10326426618837452,-4.0310965686613995,0.2,0.01,0.001,2700.0,10000000000.0,0.01,1.0,0.0,10.0,10.0,1
0.0,158.0,0.09486153910255252,-3.8805884595355153,0.2,0.01,0.001,2700.0,10000000000.0,0.01,1.0,0.0,10.0,10.0,1
0.0,159.0,0.08756738986204983,-3.7417800288042535,0.2,0.01,0.001,2700.0,10000000000.0,0.01,1.0,0.0,10.0,10.0,1
0.0,160.0,0.08119912923357193,-3.6131934578011307,0.2,0.01,0.001,2700.0,10000000000.0,0.01,1.0,0.0,10.0,10.0,1
0.0,161.0,0.075610371052364,-3.4935890278727983,0.2,0.01,0.001,2700.0,10000000000.0,0.01,1.0,0.0,10.0,10.0,1
0.0,162.0,0.07068271725324363,-3.3819188649597494,0.2,0.01,0.001,2700.0,10000000000.0,0.01,1.0,0.0,10.0,10.0,1
0.0,163.0,0.0663195829708419,-3.2772910539132374,0.2,0.01,0.001,2700.0,10000000000.0,0.01,1.0,0.0,10.0,10.0,1
0.0,164.0,0.06244155476437922,-3.1789415091590025,0.2,0.01,0.001,2700.0,10000000000.0,0.01,1.0,0.0,10.0,10.0,1
0.0,165.0,0.058982861995455986,-3.0862117144251315,0.2,0.01,0.001,2700.0,10000000000.0,0.01,1.0,0.0,10.0,10.0,1
0.0,166.0,0.05588866649693038,-2.9985309511364835,0.2,0.01,0.001,2700.0,10000000000.0,0.01,1.0,0.0,10.0,10.0,1
0.0,167.0,0.05311296070615865,-2.91540199385653,0.2,0.01,0.001,2700.0,10000000000.0,0.01,1.0,0.0,10.0,10.0,1
0.0,168.0,0.05061692307542359,-2.8363895083784056,0.2,0.01,0.001,2700.0,10000000000.0,0.01,1.0,0.0,10.0,10.0,1
0.0,169.0,0.04836762055579296,-2.7611105746817364,0.2,0.01,0.001,2700.0,10000000000.0,0.01,1.0,0.0,10.0,10.0,1
0.0,170.0,0.04633697695368341,-2.689226893869524,0.2,0.01,0.001,2700.0,10000000000.0,0.01,1.0,0.0,10.0,10.0,1
0.0,171.0,0.04450094672436347,-2.620438339667599,0.2,0.01,0.001,2700.0,10000000000.0,0.01,1.0,0.0,10.0,10.0,1
0.0,172.0,0.042838848795871666,-2.554477591006512,0.2,0.01,0.001,2700.0,10000000000.0,0.01,1.0,0.0,10.0,10.0,1
0.0,173.0,0.04133282600612141,-2.491105639553939,0.2,0.01,0.001,2700.0,10000000000.0,0.01,1.0,0.0,10.0,10.0,1
0.0,174.0,0.03996740384834671,-2.43010800974407,0.2,0.01,0.001,2700.0,10000000000.0,0.01,1.0,0.0,10.0,10.0,1
0.0,175.0,0.03872912826285408,-2.3712915623855446,0.2,0.01,0.001,2700.0,10000000000.0,0.01,1.0,0.0,10.0,10.0,1
0.0,176.0,0.03760626675254651,-2.3144817788708285,0.2,0.01,0.001,2700.0,10000000000.0,0.01,1.0,0.0,10.0,10.0,1
0.0,177.0,0.03658856053724796,-2.259520443220524,0.2,0.01,0.001,2700.0,10000000000.0,0.01,1.0,0.0,10.0,10.0,1
0.0,178.0,0.0356670180848317,-2.206263655048649,0.2,0.01,0.001,2700.0,10000000000.0,0.01,1.0,0.0,10.0,10.0,1
0.0,179.0,0.034833742372974145,-2.1545801190475644,0.2,0.01,0.001,2700.0,10000000000.0,0.01,1.0,0.0,10.0,10.0,1
0.0,180.0,0.034081785795106186,-2.1043496665279795,0.2,0.01,0.001,2700.0,10000000000.0,0.01,1.0,0.0,10.0,10.0,1
0.0,181.0,0.033405027839031376,-2.055461972485514,0.2,0.01,0.001,2700.0,10000000000.0,0.01,1.0,0.0,10.0,10.0,1
0.0,182.0,0.032798071618662814,-2.007815438037534,0.2,0.01,0.001,2700.0,10000000000.0,0.01,1.0,0.0,10.0,10.0,1
0.0,183.0,0.03225615608990908,-1.9613162132174056,0.2,0.01,0.001,2700.0,10000000000.0,0.01,1.0,0.0,10.0,10.0,1
0.0,184.0,0.03177508137682692,-1.9158773392842856,0.2,0.01,0.001,2700.0,10000000000.0,0.01,1.0,0.0,10.0,10.0,1
0.0,185.0,0.031351145108593666,-1.8714179931049884,0.2,0.01,0.001,2700.0,10000000000.0,0.01,1.0,0.0,10.0,10.0,1
0.0,186.0,0.030981088048161035,-1.8278628189453399,0.2,0.01,0.001,2700.0,10000000000.0,0.01,1.0,0.0,10.0,10.0,1
0.0,187.0,0.03066204759987523,-1.785141335292436,0.2,0.01,0.001,2700.0,10000000000.0,0.01,1.0,0.0,10.0,10.0,1
0.0,188.0,0.0303915180315633,-1.7431874062133677,0.2,0.01,0.001,2700.0,10000000000.0,0.01,1.0,0.0,10.0,10.0,1
0.0,189.0,0.03016731644867211,-1.701938768314291,0.2,0.01,0.001,2700.0,10000000000.0,0.01,1.0,0.0,10.0,10.0,1
0.0,190.0,0.02998755372346829,-1.6613366056574077,0.2,0.01,0.001,2700.0,10000000000.0,0.01,1.0,0.0,10.0,10.0,1
0.0,191.0,0.029850609718464715,-1.6213251660701546,0.2,0.01,0.001,2700.0,10000000000.0,0.01,1.0,0.0,10.0,10.0,1
0.0,192.0,0.029755112255937795,-1.5818514131781694,0.2,0.01,0.001,2700.0,10000000000.0,0.01,1.0,0.0,10.0,10.0,1
0.0,193.0,0.029699919379341414,-1.5428647092443466,0.2,0.01,0.001,2700.0,10000000000.0,0.01,1.0,0.0,10.0,10.0,1
0.0,194.0,0.02968410453116913,-1.5043165245226644,0.2,0.01,0.001,2700.0,10000000000.0,0.01,1.0,0.0,10.0,10.0,1
0.0,195.0,0.029706944338487043,-1.4661601693602273,0.2,0.01,0.001,2700.0,10000000000.0,0.01,1.0,0.0,10.0,10.0,1
0.0,196.0,0.029767908754232294,-1.4283505457185621,0.2,0.01,0.001,2700.0,10000000000.0,0.01,1.0,0.0,10.0,10.0,1
0.0,197.0,0.029866653351456152,-1.3908439151495877,0.2,0.01,0.001,2700.0,10000000000.0,0.01,1.0,0.0,10.0,10.0,1
0.0,198.0,0.030003013610612212,-1.3535976805638092,0.2,0.01,0.001,2700.0,10000000000.0,0.01,1.0,0.0,10.0,10.0,1
0.0,199.0,0.030177001078059963,-1.3165701793760631,0.2,0.01,0.001,2700.0,10000000000.0,0.01,1.0,0.0,10.0,10.0,1
0.0,200.0,0.030388801308365118,-1.2797204858147713,0.2,0.01,0.001,2700.0,10000000000.0,0.01,1.0,0.0,10.0,10.0,1
0.0,201.0,0.030638773534677165,-1.243008220340411,0.2,0.01,0.001,2700.0,10000000000.0,0.01,1.0,0.0,10.0,10.0,1
0.0,202.0,0.030927452041364264,-1.2063933642403994,0.2,0.01,0.001,2700.0,10000000000.0,0.01,1.0,0.0,10.0,10.0,1
0.0,203.0,0.031255549241975836,-1.1698360775557881,0.2,0.01,0.001,2700.0,10000000000.0,0.01,1.0,0.0,10.0,10.0,1
0.0,204.0,0.031623960494240384,-1.1332965185512949,0.2,0.01,0.001,2700.0,10000000000.0,0.01,1.0,0.0,10.0,10.0,1
0.0,205.0,0.032033770712917894,-1.0967346629658623,0.2,0.01,0.001,2700.0,10000000000.0,0.01,1.0,0.0,10.0,10.0,1
0.0,206.0,0.03248626287169515,-1.0601101212773751,0.2,0.01,0.001,2700.0,10000000000.0,0.01,1.0,0.0,10.0,10.0,1
0.0,207.0,0.032982928517681746,-1.023381952181592,0.2,0.01,0.001,2700.0,10000000000.0,0.01,1.0,0.0,10.0,10.0,1
0.0,208.0,0.0335254804573024,-0.9865084704211082,0.2,0.01,0.001,2700.0,10000000000.0,0.01,1.0,0.0,10.0,10.0,1
0.0,209.0,0.034115867811447646,-0.9494470470040638,0.2,0.01,0.001,2700.0,10000000000.0,0.01,1.0,0.0,10.0,10.0,1
0.0,210.0,0.03475629368169917,-0.9121538997211521,0.2,0.01,0.001,2700.0,10000000000.0,0.01,1.0,0.0,10.0,10.0,1
0.0,211.0,0.0354492357195574,-0.8745838717001864,0.2,0.01,0.001,2700.0,10000000000.0,0.01,1.0,0.0,10.0,10.0,1
0.0,212.0,0.03619746994833804,-0.8366901955255072,0.2,0.01,0.001,2700.0,10000000000.0,0.01,1.0,0.0,10.0,10.0,1
0.0,213.0,0.03700409825460063,-0.7984242401890833,0.2,0.01,0.001,2700.0,10000000000.0,0.01,1.0,0.0,10.0,10.0,1
0.0,214.0,0.03787258004465134,-0.7597352378235,0.2,0.01,0.001,2700.0,10000000000.0,0.01,1.0,0.0,10.0,10.0,1
0.0,215.0,0.038806768654610045,-0.7205699867861817,0.2,0.01,0.001,2700.0,10000000000.0,0.01,1.0,0.0,10.0,10.0,1
0.0,216.0,0.03981095321275278,-0.6808725272065995,0.2,0.01,0.001,2700.0,10000000000.0,0.01,1.0,0.0,10.0,10.0,1
0.0,217.0,0.04088990678448835,-0.640583784561133,0.2,0.01,0.001,2700.0,10000000000.0,0.01,1.0,0.0,10.0,10.0,1
0.0,218.0,0.04204894178810995,-0.5996411761862496,0.2,0.01,0.001,2700.0,10000000000.0,0.01,1.0,0.0,10.0,10.0,1
0.0,219.0,0.04329397385964878,-0.5579781748583756,0.2,0.01,0.001,2700.0,10000000000.0,0.01,1.0,0.0,10.0,10.0,1
0.0,220.0,0.04463159557534386,-0.5155238226328073,0.2,0.01,0.001,2700.0,10000000000.0,0.01,1.0,0.0,10.0,10.0,1
0.0,221.0,0.046069161720056005,-0.4722021870117848,0.2,0.01,0.001,2700.0,10000000000.0,0.01,1.0,0.0,10.0,10.0,1
0.0,222.0,0.04761488813170153,-0.427931750162734,0.2,0.01,0.001,2700.0,10000000000.0,0.01,1.0,0.0,10.0,10.0,1
0.0,223.0,0.04927796657093683,-0.3826247202827125,0.2,0.01,0.001,2700.0,10000000000.0,0.01,1.0,0.0,10.0,10.0,1
0.0,224.0,0.051068698581844305,-0.33618625224025667,0.2,0.01,0.001,2700.0,10000000000.0,0.01,1.0,0.0,10.0,10.0,1
0.0,225.0,0.052998651948785974,-0.2885135622430141,0.2,0.01,0.001,2700.0,10000000000.0,0.01,1.0,0.0,10.0,10.0,1
0.0,226.0,0.055080844149992356,-0.23949491837860176,0.2,0.01,0.001,2700.0,10000000000.0,0.01,1.0,0.0,10.0,10.0,1
0.0,227.0,0.05732995820286681,-0.1890084853294427,0.2,0.01,0.001,2700.0,10000000000.0,0.01,1.0,0.0,10.0,10.0,1
0.0,228.0,0.05976259754557803,-0.13692099720965492,0.2,0.01,0.001,2700.0,10000000000.0,0.01,1.0,0.0,10.0,10.0,1
0.0,229.0,0.062397588178383444,-0.08308622710264149,0.2,0.01,0.001,2700.0,10000000000.0,0.01,1.0,0.0,10.0,10.0,1
0.0,230.0,0.06525633829422801,-0.027343215225839417,0.2,0.01,0.001,2700.0,10000000000.0,0.01,1.0,0.0,10.0,10.0,1
0.0,231.0,0.06836326819233701,0.030485790636995594,0.2,0.01,0.001,2700.0,10000000000.0,0.01,1.0,0.0,10.0,10.0,1
0.0,232.0,0.07174632656619855,0.09059773917062097,0.2,0.01,0.001,2700.0,10000000000.0,0.01,1.0,0.0,10.0,10.0,1
0.0,233.0,0.07543761352636569,0.15321159383019514,0.2,0.01,0.001,2700.0,10000000000.0,0.01,1.0,0.0,10.0,10.0,1
0.0,234.0,0.07947413628264194,0.21857165176085286,0.2,0.01,0.001,2700.0,10000000000.0,0.01,1.0,0.0,10.0,10.0,1
0.0,235.0,0.0838987307152295,0.28695147078342,0.2,0.01,0.001,2700.0,10000000000.0,0.01,1.0,0.0,10.0,10.0,1
0.0,236.0,0.08876119172831465,0.3586585389693334,0.2,0.01,0.001,2700.0,10000000000.0,0.01,1.0,0.0,10.0,10.0,1
0.0,237.0,0.09411966816746516,0.4340398563142867,0.2,0.01,0.001,2700.0,10000000000.0,0.01,1.0,0.0,10.0,10.0,1
0.0,238.0,0.10004239541726205,0.513488643568173,0.2,0.01,0.001,2700.0,10000000000.0,0.01,1.0,0.0,10.0,10.0,1
0.0,239.0,0.10660986232448134,0.597452453043908,0.2,0.01,0.001,2700.0,10000000000.0,0.01,1.0,0.0,10.0,10.0,1
0.0,240.0,0.1139175413371661,0.6864430353008113,0.2,0.01,0.001,2700.0,10000000000.0,0.01,1.0,0.0,10.0,10.0,1
0.0,241.0,0.12207935539548412,0.7810484211473571,0.2,0.01,0.001,2700.0,10000000000.0,0.01,1.0,0.0,10.0,10.0,1
0.0,242.0,0.1312321176059213,0.8819478206268865,0.2,0.01,0.001,2700.0,10000000000.0,0.01,1.0,0.0,10.0,10.0,1
0.0,243.0,0.14154126824356744,0.989930134207429,0.2,0.01,0.001,2700.0,10000000000.0,0.01,1.0,0.0,10.0,10.0,1
0.0,244.0,0.1532083605730339,1.1059171376552173,0.2,0.01,0.001,2700.0,10000000000.0,0.01,1.0,0.0,10.0,10.0,1
0.0,245.0,0.1664809315186007,1.2309927725478644,0.2,0.01,0.001,2700.0,10000000000.0,0.01,1.0,0.0,10.0,10.0,1
0.0,246.0,0.18166566540832207,1.3664404962175103,0.2,0.01,0.001,2700.0,10000000000.0,0.01,1.0,0.0,10.0,10.0,1
0.0,247.0,0.19914616686067008,1.513791389668741,0.2,0.01,0.001,2700.0,10000000000.0,0.01,1.0,0.0,10.0,10.0,1
0.0,248.0,0.21940728048200575,1.6748868000370603,0.2,0.01,0.001,2700.0,10000000000.0,0.01,1.0,0.0,10.0,10.0,1
0.0,249.0,0.24306886015911536,1.8519608785068238,0.2,0.01,0.001,2700.0,10000000000.0,0.01,1.0,0.0,10.0,10.0,1
0.0,250.0,0.27093341984402863,2.0477507416509453,0.2,0.01,0.001,2700.0,10000000000.0,0.01,1.0,0.0,10.0,10.0,1
0.0,251.0,0.3040545747878877,2.265645583830928,0.2,0.01,0.001,2700.0,10000000000.0,0.01,1.0,0.0,10.0,10.0,1
0.0,252.0,0.3438372940818727,2.5098916484373497,0.2,0.01,0.001,2700.0,10000000000.0,0.01,1.0,0.0,10.0,10.0,1
0.0,253.0,0.3921879980454967,2.7858787969883867,0.2,0.01,0.001,2700.0,10000000000.0,0.01,1.0,0.0,10.0,10.0,1
0.0,254.0,0.4517448586155602,3.100548707051869,0.2,0.01,0.001,2700.0,10000000000.0,0.01,1.0,0.0,10.0,10.0,1
0.0,255.0,0.5262410610489551,3.4629884190306925,0.2,0.01,0.001,2700.0,10000000000.0,0.01,1.0,0.0,10.0,10.0,1
0.0,256.0,0.6210960658452211,3.885313223109301,0.2,0.01,0.001,2700.0,10000000000.0,0.01,1.0,0.0,10.0,10.0,1
0.0,257.0,0.7444132044845319,4.3840131468622445,0.2,0.01,0.001,2700.0,10000000000.0,0.01,1.0,0.0,10.0,10.0,1
0.0,258.0,0.9087342448776644,4.98206305385412,0.2,0.01,0.001,2700.0,10000000000.0,0.01,1.0,0.0,10.0,10.0,1
0.0,259.0,1.134278539600732,5.712326077884359,0.2,0.01,0.001,2700.0,10000000000.0,0.01,1.0,0.0,10.0,10.0,1
0.0,260.0,1.4552743983198715,6.62320213815734,0.2,0.01,0.001,2700.0,10000000000.0,0.01,1.0,0.0,10.0,10.0,1
0.0,261.0,1.9332053217876888,7.78821732584321,0.2,0.01,0.001,2700.0,10000000000.0,0.01,1.0,0.0,10.0,10.0,1
0.0,262.0,2.6868760387001926,9.322284896098937,0.2,0.01,0.001,2700.0,10000000000.0,0.01,1.0,0.0,10.0,10.0,1
0.0,263.0,3.967620864652346,11.406718935403015,0.2,0.01,0.001,2700.0,10000000000.0,0.01,1.0,0.0,10.0,10.0,1
0.0,264.0,6.36934091724811,14.30500692800369,0.2,0.01,0.001,2700.0,10000000000.0,0.01,1.0,0.0,10.0,10.0,1
0.0,265.0,11.470541369447446,18.16458329115995,0.2,0.01,0.001,2700.0,10000000000.0,0.01,1.0,0.0,10.0,10.0,1
0.0,266.0,23.44216530051357,20.842984364449432,0.2,0.01,0.001,2700.0,10000000000.0,0.01,1.0,0.0,10.0,10.0,1
0.0,267.0,42.56858754763272,6.9697440315117385,0.2,0.01,0.001,2700.0,10000000000.0,0.01,1.0,0.0,10.0,10.0,1
0.0,268.0,33.666267125623726,-19.908991914841554,0.2,0.01,0.001,2700.0,10000000000.0,0.01,1.0,0.0,10.0,10.0,1
0.0,269.0,16.317004033098037,-22.434060644026513,0.2,0.01,0.001,2700.0,10000000000.0,0.01,1.0,0.0,10.0,10.0,1
0.0,270.0,8.460305497213838,-18.490388327048237,0.2,0.01,0.001,2700.0,10000000000.0,0.01,1.0,0.0,10.0,10.0,1
0.0,271.0,4.990742180710307,-15.082042915344566,0.2,0.01,0.001,2700.0,10000000000.0,0.01,1.0,0.0,10.0,10.0,1
0.0,272.0,3.2499548960726776,-12.619242891113506,0.2,0.01,0.001,2700.0,10000000000.0,0.01,1.0,0.0,10.0,10.0,1
0.0,273.0,2.2725344018469795,-10.83279087332664,0.2,0.01,0.001,2700.0,10000000000.0,0.01,1.0,0.0,10.0,10.0,1
0.0,274.0,1.6744219779561722,-9.497962140378283,0.2,0.01,0.001,2700.0,10000000000.0,0.01,1.0,0.0,10.0,10.0,1
0.0,275.0,1.2836294131073205,-8.469507004520887,0.2,0.01,0.001,2700.0,10000000000.0,0.01,1.0,0.0,10.0,10.0,1
0.0,276.0,1.0149644692316342,-7.655351844956191,0.2,0.01,0.001,2700.0,10000000000.0,0.01,1.0,0.0,10.0,10.0,1
0.0,277.0,0.822645762628889,-6.9958123011655875,0.2,0.01,0.001,2700.0,10000000000.0,0.01,1.0,0.0,10.0,10.0,1
0.0,278.0,0.6803966386018887,-6.4509967203835314,0.2,0.01,0.001,2700.0,10000000000.0,0.01,1.0,0.0,10.0,10.0,1
0.0,279.0,0.5723012613173821,-5.993420306049862,0.2,0.01,0.001,2700.0,10000000000.0,0.01,1.0,0.0,10.0,10.0,1
0.0,280.0,0.4882792867025935,-5.603612150116468,0.2,0.01,0.001,2700.0,10000000000.0,0.01,1.0,0.0,10.0,10.0,1
0.0,281.0,0.4217021686842044,-5.267431722297096,0.2,0.01,0.001,2700.0,10000000000.0,0.01,1.0,0.0,10.0,10.0,1
0.0,282.0,0.3680697025042113,-4.974381261175711,0.2,0.01,0.001,2700.0,10000000000.0,0.01,1.0,0.0,10.0,10.0,1
0.0,283.0,0.3242414935622738,-4.716514181852517,0.2,0.01,0.001,2700.0,10000000000.0,0.01,1.0,0.0,10.0,10.0,1
0.0,284.0,0.28797308053160486,-4.48771031230587,0.2,0.01,0.001,2700.0,10000000000.0,0.01,1.0,0.0,10.0,10.0,1
0.0,285.0,0.2576263739482996,-4.283183065795795,0.2,0.01,0.001,2700.0,10000000000.0,0.01,1.0,0.0,10.0,10.0,1
0.0,286.0,0.2319835002463699,-4.099136990509919,0.2,0.01,0.001,2700.0,10000000000.0,0.01,1.0,0.0,10.0,10.0,1
0.0,287.0,0.2101239670822416,-3.9325250967456733,0.2,0.01,0.001,2700.0,10000000000.0,0.01,1.0,0.0,10.0,10.0,1
0.0,288.0,0.19134171168978467,-3.7808738029608397,0.2,0.01,0.001,2700.0,10000000000.0,0.01,1.0,0.0,10.0,10.0,1
0.0,289.0,0.1750879089325067,-3.642154600940269,0.2,0.01,0.001,2700.0,10000000000.0,0.01,1.0,0.0,10.0,10.0,1
0.0,290.0,0.1609307966120916,-3.5146885752618022,0.2,0.01,0.001,2700.0,10000000000.0,0.01,1.0,0.0,10.0,10.0,1
0.0,291.0,0.1485269738154657,-3.3970744035493725,0.2,0.01,0.001,2700.0,10000000000.0,0.01,1.0,0.0,10.0,10.0,1
0.0,292.0,0.1376005784940919,-3.2881333891423394,0.2,0.01,0.001,2700.0,10000000000.0,0.01,1.0,0.0,10.0,10.0,1
0.0,293.0,0.12792796794284328,-3.1868670184032277,0.2,0.01,0.001,2700.0,10000000000.0,0.01,1.0,0.0,10.0,10.0,1
0.0,294.0,0.11932630209567754,-3.0924238444871555,0.2,0.01,0.001,2700.0,10000000000.0,0.01,1.0,0.0,10.0,10.0,1
0.0,295.0,0.11164493417099365,-3.00407339726472,0.2,0.01,0.001,2700.0,10000000000.0,0.01,1.0,0.0,10.0,10.0,1
0.0,296.0,0.10475884711994955,-2.921185443767963,0.2,0.01,0.001,2700.0,10000000000.0,0.01,1.0,0.0,10.0,10.0,1
0.0,297.0,0.09856359894533477,-2.8432133641082453,0.2,0.01,0.001,2700.0,10000000000.0,0.01,1.0,0.0,10.0,10.0,1
0.0,298.0,0.09297139334994285,-2.769680722516352,0.2,0.01,0.001,2700.0,10000000000.0,0.01,1.0,0.0,10.0,10.0,1
0.0,299.0,0.08790799840442168,-2.700170340619798,0.2,0.01,0.001,2700.0,10000000000.0,0.01,1.0,0.0,10.0,10.0,1
0.0,300.0,0.0833103104592659,-2.6343153463127558,0.2,0.01,0.001,2700.0,10000000000.0,0.01,1.0,0.0,10.0,10.0,1
0.0,301.0,0.07912441345937543,-2.571791794329867,0.2,0.01,0.001,2700.0,10000000000.0,0.01,1.0,0.0,10.0,10.0,1
0.0,302.0,0.07530402184103342,-2.5123125461689066,0.2,0.01,0.001,2700.0,10000000000.0,0.01,1.0,0.0,10.0,10.0,1
0.0,303.0,0.07180922279235147,-2.455622165882233,0.2,0.01,0.001,2700.0,10000000000.0,0.01,1.0,0.0,10.0,10.0,1
0.0,304.0,0.06860545389524252,-2.4014926405308104,0.2,0.01,0.001,2700.0,10000000000.0,0.01,1.0,0.0,10.0,10.0,1
0.0,305.0,0.06566266714392859,-2.349719774089763,0.2,0.01,0.001,2700.0,10000000000.0,0.01,1.0,0.0,10.0,10.0,1
0.0,306.0,0.062954641517076,-2.300120134429882,0.2,0.01,0.001,2700.0,10000000000.0,0.01,1.0,0.0,10.0,10.0,1
0.0,307.0,0.060458414698965325,-2.2525284569463633,0.2,0.01,0.001,2700.0,10000000000.0,0.01,1.0,0.0,10.0,10.0,1
0.0,308.0,0.058153810932627156,-2.2067954271283634,0.2,0.01,0.001,2700.0,10000000000.0,0.01,1.0,0.0,10.0,10.0,1
0.0,309.0,0.05602304687063892,-2.162785779098011,0.2,0.01,0.001,2700.0,10000000000.0,0.01,1.0,0.0,10.0,10.0,1
0.0,310.0,0.0540504010480524,-2.120376658815235,0.2,0.01,0.001,2700.0,10000000000.0,0.01,1.0,0.0,10.0,10.0,1
0.0,311.0,0.05222193551487174,-2.0794562099367737,0.2,0.01,0.001,2700.0,10000000000.0,0.01,1.0,0.0,10.0,10.0,1
0.0,312.0,0.050525260437241655,-2.03992234776095,0.2,0.01,0.001,2700.0,10000000000.0,0.01,1.0,0.0,10.0,10.0,1
0.0,313.0,0.04894933425905053,-2.0016816926827268,0.2,0.01,0.001,2700.0,10000000000.0,0.01,1.0,0.0,10.0,10.0,1
0.0,314.0,0.047484293422177734,-1.9646486394320166,0.2,0.01,0.001,2700.0,10000000000.0,0.01,1.0,0.0,10.0,10.0,1
0.0,315.0,0.04612130675979894,-1.9287445423130316,0.2,0.01,0.001,2700.0,10000000000.0,0.01,1.0,0.0,10.0,10.0,1
0.0,316.0,0.04485245056738856,-1.893896999882829,0.2,0.01,0.001,2700.0,10000000000.0,0.01,1.0,0.0,10.0,10.0,1
0.0,317.0,0.04367060106972735,-1.860039225151407,0.2,0.01,0.001,2700.0,10000000000.0,0.01,1.0,0.0,10.0,10.0,1
0.0,318.0,0.04256934157710255,-1.8271094895633997,0.2,0.01,0.001,2700.0,10000000000.0,0.01,1.0,0.0,10.0,10.0,1
0.0,319.0,0.041542882089005376,-1.795050630823471,0.2,0.01,0.001,2700.0,10000000000.0,0.01,1.0,0.0,10.0,10.0,1
0.0,320.0,0.040585989481762674,-1.763809616124328,0.2,0.01,0.001,2700.0,10000000000.0,0.01,1.0,0.0,10.0,10.0,1
0.0,321.0,0.03969392672507397,-1.733337153584262,0.2,0.01,0.001,2700.0,10000000000.0,0.01,1.0,0.0,10.0,10.0,1
0.0,322.0,0.038862399825326695,-1.7035873457442845,0.2,0.01,0.001,2700.0,10000000000.0,0.01,1.0,0.0,10.0,10.0,1
0.0,323.0,0.038087511401645534,-1.674517379852145,0.2,0.01,0.001,2700.0,10000000000.0,0.01,1.0,0.0,10.0,10.0,1
0.0,324.0,0.03736571997240644,-1.646087250397903,0.2,0.01,0.001,2700.0,10000000000.0,0.01,1.0,0.0,10.0,10.0,1
0.0,325.0,0.036693804172398765,-1.6182595099900219,0.2,0.01,0.001,2700.0,10000000000.0,0.01,1.0,0.0,10.0,10.0,1
0.0,326.0,0.03606883123923616,-1.5909990451889195,0.2,0.01,0.001,2700.0,10000000000.0,0.01,1.0,0.0,10.0,10.0,1
0.0,327.0,0.03548812920646615,-1.5642728743646055,0.2,0.01,0.001,2700.0,10000000000.0,0.01,1.0,0.0,10.0,10.0,1
0.0,328.0,0.03494926232361947,-1.5380499650279411,0.2,0.01,0.001,2700.0,10000000000.0,0.01,1.0,0.0,10.0,10.0,1
0.0,329.0,0.03445000929292247,-1.5123010684121425,0.2,0.01,0.001,2700.0,10000000000.0,0.01,1.0,0.0,10.0,10.0,1
0.0,330.0,0.03398834397099574,-1.4869985693617538,0.2,0.01,0.001,2700.0,10000000000.0,0.01,1.0,0.0,10.0,10.0,1
0.0,331.0,0.03356241823335339,-1.4621163498273093,0.2,0.01,0.001,2700.0,10000000000.0,0.01,1.0,0.0,10.0,10.0,1
0.0,332.0,0.03317054674148004,-1.4376296644712003,0.2,0.01,0.001,2700.0,10000000000.0,0.01,1.0,0.0,10.0,10.0,1
0.0,333.0,0.03281119338792115,-1.4135150270691879,0.2,0.01,0.001,2700.0,10000000000.0,0.01,1.0,0.0,10.0,10.0,1
0.0,334.0,0.03248295922523697,-1.3897501065470967,0.2,0.01,0.001,2700.0,10000000000.0,0.01,1.0,0.0,10.0,10.0,1
0.0,335.0,0.032184571710665244,-1.3663136316260889,0.2,0.01,0.001,2700.0,10000000000.0,0.01,1.0,0.0,10.0,10.0,1
0.0,336.0,0.03191487512062281,-1.343185303166475,0.2,0.01,0.001,2700.0,10000000000.0,0.01,1.0,0.0,10.0,10.0,1
0.0,337.0,0.0316728220083409,-1.320345713401246,0.2,0.01,0.001,2700.0,10000000000.0,0.01,1.0,0.0,10.0,10.0,1
0.0,338.0,0.03145746559445703,-1.2977762713387657,0.2,0.01,0.001,2700.0,10000000000.0,0.01,1.0,0.0,10.0,10.0,1
0.0,339.0,0.03126795299469298,-1.2754591336909187,0.2,0.01,0.001,2700.0,10000000000.0,0.01,1.0,0.0,10.0,10.0,1
0.0,340.0,0.031103519201118507,-1.2533771407502814,0.2,0.01,0.001,2700.0,10000000000.0,0.01,1.0,0.0,10.0,10.0,1
0.0,341.0,0.03096348174434406,-1.2315137566984034,0.2,0.01,0.001,2700.0,10000000000.0,0.01,1.0,0.0,10.0,10.0,1
0.0,342.0,0.030847235973381956,-1.2098530138787835,0.2,0.01,0.001,2700.0,10000000000.0,0.01,1.0,0.0,10.0,10.0,1
0.0,343.0,0.030754250898207467,-1.188379460613151,0.2,0.01,0.001,2700.0,10000000000.0,0.01,1.0,0.0,10.0,10.0,1
0.0,344.0,0.03068406554733749,-1.167078112178436,0.2,0.01,0.001,2700.0,10000000000.0,0.01,1.0,0.0,10.0,10.0,1
0.0,345.0,0.030636285799177917,-1.145934404596844,0.2,0.01,0.001,2700.0,10000000000.0,0.01,1.0,0.0,10.0,10.0,1
0.0,346.0,0.030610581651653982,-1.1249341509209272,0.2,0.01,0.001,2700.0,10000000000.0,0.01,1.0,0.0,10.0,10.0,1
0.0,347.0,0.03060668489973552,-1.1040634997217007,0.2,0.01,0.001,2700.0,10000000000.0,0.01,1.0,0.0,10.0,10.0,1
0.0,348.0,0.0306243871951134,-1.083308895510849,0.2,0.01,0.001,2700.0,10000000000.0,0.01,1.0,0.0,10.0,10.0,1
0.0,349.0,0.030663538466489094,-1.0626570408472618,0.2,0.01,0.001,2700.0,10000000000.0,0.01,1.0,0.0,10.0,10.0,1
0.0,350.0,0.03072404568274707,-1.0420948598951567,0.2,0.01,0.001,2700.0,10000000000.0,0.01,1.0,0.0,10.0,10.0,1
0.0,351.0,0.030805871944869088,-1.0216094632154014,0.2,0.01,0.001,2700.0,10000000000.0,0.01,1.0,0.0,10.0,10.0,1
0.0,352.0,0.030909035895745715,-1.0011881135836824,0.2,0.01,0.001,2700.0,10000000000.0,0.01,1.0,0.0,10.0,10.0,1
0.0,353.0,0.031033611440186987,-0.9808181926387335,0.2,0.01,0.001,2700.0,10000000000.0,0.01,1.0,0.0,10.0,10.0,1
0.0,354.0,0.031179727770441687,-0.9604871681725307,0.2,0.01,0.001,2700.0,10000000000.0,0.01,1.0,0.0,10.0,10.0,1
0.0,355.0,0.031347569695450724,-0.9401825618795101,0.2,0.01,0.001,2700.0,10000000000.0,0.01,1.0,0.0,10.0,10.0,1
0.0,356.0,0.03153737827493838,-0.9198919173872498,0.2,0.01,0.001,2700.0,10000000000.0,0.01,1.0,0.0,10.0,10.0,1
0.0,357.0,0.03174945176231122,-0.8996027683927322,0.2,0.01,0.001,2700.0,10000000000.0,0.01,1.0,0.0,10.0,10.0,1
0.0,358.0,0.0319841468632562,-0.8793026067300461,0.2,0.01,0.001,2700.0,10000000000.0,0.01,1.0,0.0,10.0,10.0,1
0.0,359.0,0.03224188031990583,-0.8589788501945674,0.2,0.01,0.001,2700.0,10000000000.0,0.01,1.0,0.0,10.0,10.0,1
0.0,360.0,0.03252313083357044,-0.8386188099458857,0.2,0.01,0.001,2700.0,10000000000.0,0.01,1.0,0.0,10.0,10.0,1
0.0,361.0,0.03282844134230749,-0.8182096573087986,0.2,0.01,0.001,2700.0,10000000000.0,0.01,1.0,0.0,10.0,10.0,1
0.0,362.0,0.033158421673115036,-0.7977383897847905,0.2,0.01,0.001,2700.0,10000000000.0,0.01,1.0,0.0,10.0,10.0,1
0.0,363.0,0.033513751592299496,-0.7771917960800057,0.2,0.01,0.001,2700.0,10000000000.0,0.01,1.0,0.0,10.0,10.0,1
0.0,364.0,0.033895184281684754,-0.7565564199455216,0.2,0.01,0.001,2700.0,10000000000.0,0.01,1.0,0.0,10.0,10.0,1
0.0,365.0,0.03430355027282075,-0.7358185226145608,0.2,0.01,0.001,2700.0,10000000000.0,0.01,1.0,0.0,10.0,10.0,1
0.0,366.0,0.03473976187633208,-0.7149640436074287,0.2,0.01,0.001,2700.0,10000000000.0,0.01,1.0,0.0,10.0,10.0,1
0.0,367.0,0.03520481814904233,-0.6939785596589203,0.2,0.01,0.001,2700.0,10000000000.0,0.01,1.0,0.0,10.0,10.0,1
0.0,368.0,0.03569981044772309,-0.6728472415038355,0.2,0.01,0.001,2700.0,10000000000.0,0.01,1.0,0.0,10.0,10.0,1
0.0,369.0,0.036225928625194,-0.6515548082344769,0.2,0.01,0.001,2700.0,10000000000.0,0.01,1.0,0.0,10.0,10.0,1
0.0,370.0,0.03678446793234015,-0.6300854789188808,0.2,0.01,0.001,2700.0,10000000000.0,0.01,1.0,0.0,10.0,10.0,1
0.0,371.0,0.03737683669844677,-0.6084229211394886,0.2,0.01,0.001,2700.0,10000000000.0,0.01,1.0,0.0,10.0,10.0,1
0.0,372.0,0.038004564872274015,-0.5865501960788996,0.2,0.01,0.001,2700.0,10000000000.0,0.01,1.0,0.0,10.0,10.0,1
0.0,373.0,0.03866931351776055,-0.5644496997412375,0.2,0.01,0.001,2700.0,10000000000.0,0.01,1.0,0.0,10.0,10.0,1
0.0,374.0,0.03937288537129656,-0.5421030998547108,0.2,0.01,0.001,2700.0,10000000000.0,0.01,1.0,0.0,10.0,10.0,1
0.0,375.0,0.04011723658251089,-0.5194912679509099,0.2,0.01,0.001,2700.0,10000000000.0,0.01,1.0,0.0,10.0,10.0,1
0.0,376.0,0.04090448977773212,-0.4965942060603072,0.2,0.01,0.001,2700.0,10000000000.0,0.01,1.0,0.0,10.0,10.0,1
0.0,377.0,0.04173694860513148,-0.47339096739840797,0.2,0.01,0.001,2700.0,10000000000.0,0.01,1.0,0.0,10.0,10.0,1
0.0,378.0,0.0426171139434972,-0.4498595703429953,0.2,0.01,0.001,2700.0,10000000000.0,0.01,1.0,0.0,10.0,10.0,1
0.0,379.0,0.04354770198313906,-0.4259769049181714,0.2,0.01,0.001,2700.0,10000000000.0,0.01,1.0,0.0,10.0,10.0,1
0.0,380.0,0.04453166441825212,-0.4017186309035651,0.2,0.01,0.001,2700.0,10000000000.0,0.01,1.0,0.0,10.0,10.0,1
0.0,381.0,0.045572211025974564,-0.37705906657541155,0.2,0.01,0.001,2700.0,10000000000.0,0.01,1.0,0.0,10.0,10.0,1
0.0,382.0,0.04667283494927493,-0.3519710669572869,0.2,0.01,0.001,2700.0,10000000000.0,0.01,1.0,0.0,10.0,10.0,1
0.0,383.0,0.04783734104978292,-0.32642589031047764,0.2,0.01,0.001,2700.0,10000000000.0,0.01,1.0,0.0,10.0,10.0,1
0.0,384.0,0.04906987775422647,-0.30039305142231537,0.2,0.01,0.001,2700.0,10000000000.0,0.01,1.0,0.0,10.0,10.0,1
0.0,385.0,0.05037497288572167,-0.2738401600532419,0.2,0.01,0.001,2700.0,10000000000.0,0.01,1.0,0.0,10.0,10.0,1
0.0,386.0,0.051757574050987736,-0.24673274267278658,0.2,0.01,0.001,2700.0,10000000000.0,0.01,1.0,0.0,10.0,10.0,1
0.0,387.0,0.05322309424888469,-0.2190340453484296,0.2,0.01,0.001,2700.0,10000000000.0,0.01,1.0,0.0,10.0,10.0,1
0.0,388.0,0.05477746347765542,-0.19070481533929967,0.2,0.01,0.001,2700.0,10000000000.0,0.01,1.0,0.0,10.0,10.0,1
0.0,389.0,0.056427187251424836,-0.16170305858374268,0.2,0.01,0.001,2700.0,10000000000.0,0.01,1.0,0.0,10.0,10.0,1
0.0,390.0,0.058179413095532796,-0.13198376984349405,0.2,0.01,0.001,2700.0,10000000000.0,0.01,1.0,0.0,10.0,10.0,1
0.0,391.0,0.06004200628060905,-0.10149863176791098,0.2,0.01,0.001,2700.0,10000000000.0,0.01,1.0,0.0,10.0,10.0,1
0.0,392.0,0.06202363628406147,-0.07019567855201315,0.2,0.01,0.001,2700.0,10000000000.0,0.01,1.0,0.0,10.0,10.0,1
0.0,393.0,0.06413387574329406,-0.038018919167992396,0.2,0.01,0.001,2700.0,10000000000.0,0.01,1.0,0.0,10.0,10.0,1
0.0,394.0,0.06638331399857537,-0.004907914324998652,0.2,0.01,0.001,2700.0,10000000000.0,0.01,1.0,0.0,10.0,10.0,1
0.0,395.0,0.06878368772845217,0.029202699665984704,0.2,0.01,0.001,2700.0,10000000000.0,0.01,1.0,0.0,10.0,10.0,1
0.0,396.0,0.0713480316743152,0.06438374811283597,0.2,0.01,0.001,2700.0,10000000000.0,0.01,1.0,0.0,10.0,10.0,1
0.0,397.0,0.07409085305490198,0.10071212563541501,0.2,0.01,0.001,2700.0,10000000000.0,0.01,1.0,0.0,10.0,10.0,1
0.0,398.0,0.0770283340139064,0.13827148539344591,0.2,0.01,0.001,2700.0,10000000000.0,0.01,1.0,0.0,10.0,10.0,1
0.0,399.0,0.08017856736033535,0.1771530229327709,0.2,0.01,0.001,2700.0,10000000000.0,0.01,1.0,0.0,10.0,10.0,1
0.0,400.0,0.08356183199714873,0.21745637017511818,0.2,0.01,0.001,2700.0,10000000000.0,0.01,1.0,0.0,10.0,10.0,1
0.0,401.0,0.0872009158488869,0.2592906180453411,0.2,0.01,0.001,2700.0,10000000000.0,0.01,1.0,0.0,10.0,10.0,1
0.0,402.0,0.09112149587018763,0.30277548984772384,0.2,0.01,0.001,2700.0,10000000000.0,0.01,1.0,0.0,10.0,10.0,1
0.0,403.0,0.09535258694570124,0.3480426919362059,0.2,0.01,0.001,2700.0,10000000000.0,0.01,1.0,0.0,10.0,10.0,1
0.0,404.0,0.09992707431072954,0.3952374736758923,0.2,0.01,0.001,2700.0,10000000000.0,0.01,1.0,0.0,10.0,10.0,1
0.0,405.0,0.1048823477077899,0.44452043543502734,0.2,0.01,0.001,2700.0,10000000000.0,0.01,1.0,0.0,10.0,10.0,1
0.0,406.0,0.11026106008257913,0.49606963172197766,0.2,0.01,0.001,2700.0,10000000000.0,0.01,1.0,0.0,10.0,10.0,1
0.0,407.0,0.11611203953008256,0.5500830270378927,0.2,0.01,0.001,2700.0,10000000000.0,0.01,1.0,0.0,10.0,10.0,1
0.0,408.0,0.12249139085695787,0.6067813751454141,0.2,0.01,0.001,2700.0,10000000000.0,0.01,1.0,0.0,10.0,10.0,1
0.0,409.0,0.12946383311473517,0.6664116090276118,0.2,0.01,0.001,2700.0,10000000000.0,0.01,1.0,0.0,10.0,10.0,1
0.0,410.0,0.13710433258529892,0.729250849859727,0.2,0.01,0.001,2700.0,10000000000.0,0.01,1.0,0.0,10.0,10.0,1
0.0,411.0,0.14550010808330766,0.7956111702123791,0.2,0.01,0.001,2700.0,10000000000.0,0.01,1.0,0.0,10.0,10.0,1
0.0,412.0,0.15475310864506303,0.8658452812929855,0.2,0.01,0.001,2700.0,10000000000.0,0.01,1.0,0.0,10.0,10.0,1
0.0,413.0,0.16498309491390128,0.9403533588162029,0.2,0.01,0.001,2700.0,10000000000.0,0.01,1.0,0.0,10.0,10.0,1
0.0,414.0,0.176331497971525,1.0195912804916873,0.2,0.01,0.001,2700.0,10000000000.0,0.01,1.0,0.0,10.0,10.0,1
0.0,415.0,0.18896628757022332,1.104080624830291,0.2,0.01,0.001,2700.0,10000000000.0,0.01,1.0,0.0,10.0,10.0,1
0.0,416.0,0.20308816236505559,1.1944208825308007,0.2,0.01,0.001,2700.0,10000000000.0,0.01,1.0,0.0,10.0,10.0,1
0.0,417.0,0.21893848769301555,1.2913044672606209,0.2,0.01,0.001,2700.0,10000000000.0,0.01,1.0,0.0,10.0,10.0,1
0.0,418.0,0.23680956647434548,1.3955352950990951,0.2,0.01,0.001,2700.0,10000000000.0,0.01,1.0,0.0,10.0,10.0,1
0.0,419.0,0.2570580583598659,1.5080519496774116,0.2,0.01,0.001,2700.0,10000000000.0,0.01,1.0,0.0,10.0,10.0,1
0.0,420.0,0.28012269590192024,1.62995678958952,0.2,0.01,0.001,2700.0,10000000000.0,0.01,1.0,0.0,10.0,10.0,1
0.0,421.0,0.3065479384313042,1.7625528243428923,0.2,0.01,0.001,2700.0,10000000000.0,0.01,1.0,0.0,10.0,10.0,1
0.0,422.0,0.33701594070391167,1.9073908411205078,0.2,0.01,0.001,2700.0,10000000000.0,0.01,1.0,0.0,10.0,10.0,1
0.0,423.0,0.37239033405140537,2.0663301896221666,0.2,0.01,0.001,2700.0,10000000000.0,0.01,1.0,0.0,10.0,10.0,1
0.0,424.0,0.4137770539299927,2.241617948747656,0.2,0.01,0.001,2700.0,10000000000.0,0.01,1.0,0.0,10.0,10.0,1
0.0,425.0,0.46261018985525515,2.4359930886478915,0.2,0.01,0.001,2700.0,10000000000.0,0.01,1.0,0.0,10.0,10.0,1
0.0,426.0,0.520775256304588,2.652824973361216,0.2,0.01,0.001,2700.0,10000000000.0,0.01,1.0,0.0,10.0,10.0,1
0.0,427.0,0.5907895807032533,2.8962995136845784,0.2,0.01,0.001,2700.0,10000000000.0,0.01,1.0,0.0,10.0,10.0,1
0.0,428.0,0.6760718490094116,3.171672023050667,0.2,0.01,0.001,2700.0,10000000000.0,0.01,1.0,0.0,10.0,10.0,1
0.0,429.0,0.7813543048972962,3.485614039649831,0.2,0.01,0.001,2700.0,10000000000.0,0.01,1.0,0.0,10.0,10.0,1
0.0,430.0,0.9133295082922147,3.8466926790536267,0.2,0.01,0.001,2700.0,10000000000.0,0.01,1.0,0.0,10.0,10.0,1
0.0,431.0,1.0816945638429074,4.266035135519332,0.2,0.01,0.001,2700.0,10000000000.0,0.01,1.0,0.0,10.0,10.0,1
0.0,432.0,1.3008916086446907,4.758243286877666,0.2,0.01,0.001,2700.0,10000000000.0,0.01,1.0,0.0,10.0,10.0,1
0.0,433.0,1.5931130454017417,5.342614702894347,0.2,0.01,0.001,2700.0,10000000000.0,0.01,1.0,0.0,10.0,10.0,1
0.0,434.0,1.9936954150967632,6.044626711682281,0.2,0.01,0.001,2700.0,10000000000.0,0.01,1.0,0.0,10.0,10.0,1
0.0,435.0,2.561207939196065,6.897204672999014,0.2,0.01,0.001,2700.0,10000000000.0,0.01,1.0,0.0,10.0,10.0,1
0.0,436.0,3.39710221716776,7.9396577476861,0.2,0.01,0.001,2700.0,10000000000.0,0.01,1.0,0.0,10.0,10.0,1
0.0,437.0,4.685146683280373,9.206162411238045,0.2,0.01,0.001,2700.0,10000000000.0,0.01,1.0,0.0,10.0,10.0,1
0.0,438.0,6.769523175079885,10.673503189724896,0.2,0.01,0.001,2700.0,10000000000.0,0.01,1.0,0.0,10.0,10.0,1
0.0,439.0,10.281499273233434,12.05808171660984,0.2,0.01,0.001,2700.0,10000000000.0,0.01,1.0,0.0,10.0,10.0,1
0.0,440.0,16.101928619687683,12.135656146884171,0.2,0.01,0.001,2700.0,10000000000.0,0.01,1.0,0.0,10.0,10.0,1
0.0,441.0,23.654133712140396,7.564240757118754,0.2,0.01,0.001,2700.0,10000000000.0,0.01,1.0,0.0,10.0,10.0,1
0.0,442.0,26.46017675486882,-3.3983975510643054,0.2,0.01,0.001,2700.0,10000000000.0,0.01,1.0,0.0,10.0,10.0,1
0.0,443.0,20.55155147685926,-12.136166818080946,0.2,0.01,0.001,2700.0,10000000000.0,0.01,1.0,0.0,10.0,10.0,1
0.0,444.0,13.357651138701813,-14.239415866231198,0.2,0.01,0.001,2700.0,10000000000.0,0.01,1.0,0.0,10.0,10.0,1
0.0,445.0,8.592011952201629,-13.355607035193005,0.2,0.01,0.001,2700.0,10000000000.0,0.01,1.0,0.0,10.0,10.0,1
0.0,446.0,5.7738345469977075,-11.866740908447648,0.2,0.01,0.001,2700.0,10000000000.0,0.01,1.0,0.0,10.0,10.0,1
0.0,447.0,4.077631575623268,-10.471493215228874,0.2,0.01,0.001,2700.0,10000000000.0,0.01,1.0,0.0,10.0,10.0,1
0.0,448.0,3.00785148819248,-9.30095794610578,0.2,0.01,0.001,2700.0,10000000000.0,0.01,1.0,0.0,10.0,10.0,1
0.0,449.0,2.2999563203680524,-8.342683465015169,0.2,0.01,0.001,2700.0,10000000000.0,0.01,1.0,0.0,10.0,10.0,1
0.0,450.0,1.8111428351941719,-7.557524861075404,0.2,0.01,0.001,2700.0,10000000000.0,0.01,1.0,0.0,10.0,10.0,1
0.0,451.0,1.461124319394228,-6.9083446522584095,0.2,0.01,0.001,2700.0,10000000000.0,0.01,1.0,0.0,10.0,10.0,1
0.0,452.0,1.2026754770548331,-6.365403345919992,0.2,0.01,0.001,2700.0,10000000000.0,0.01,1.0,0.0,10.0,10.0,1
0.0,453.0,1.006808642705924,-5.905980636217791,0.2,0.01,0.001,2700.0,10000000000.0,0.01,1.0,0.0,10.0,10.0,1
0.0,454.0,0.8550373038577977,-5.5129003967381145,0.2,0.01,0.001,2700.0,10000000000.0,0.01,1.0,0.0,10.0,10.0,1
0.0,455.0,0.7351674835864945,-5.173135726174311,0.2,0.01,0.001,2700.0,10000000000.0,0.01,1.0,0.0,10.0,10.0,1
0.0,456.0,0.6389138999204358,-4.876719384610561,0.2,0.01,0.001,2700.0,10000000000.0,0.01,1.0,0.0,10.0,10.0,1
0.0,457.0,0.560498340260688,-4.615941432838863,0.2,0.01,0.001,2700.0,10000000000.0,0.01,1.0,0.0,10.0,10.0,1
0.0,458.0,0.4957971832372068,-4.384769056129223,0.2,0.01,0.001,2700.0,10000000000.0,0.01,1.0,0.0,10.0,10.0,1
0.0,459.0,0.4418068879767021,-4.178427865732009,0.2,0.01,0.001,2700.0,10000000000.0,0.01,1.0,0.0,10.0,10.0,1
0.0,460.0,0.3962995598049828,-3.993098113484557,0.2,0.01,0.001,2700.0,10000000000.0,0.01,1.0,0.0,10.0,10.0,1
0.0,461.0,0.3575954732812531,-3.825692350067991,0.2,0.01,0.001,2700.0,10000000000.0,0.01,1.0,0.0,10.0,10.0,1
0.0,462.0,0.324409469634751,-3.673691024277376,0.2,0.01,0.001,2700.0,10000000000.0,0.01,1.0,0.0,10.0,10.0,1
0.0,463.0,0.2957451363873534,-3.535019616611646,0.2,0.01,0.001,2700.0,10000000000.0,0.01,1.0,0.0,10.0,10.0,1
0.0,464.0,0.27082056621401357,-3.407955827068087,0.2,0.01,0.001,2700.0,10000000000.0,0.01,1.0,0.0,10.0,10.0,1
0.0,465.0,0.24901540053729063,-3.2910587319774574,0.2,0.01,0.001,2700.0,10000000000.0,0.01,1.0,0.0,10.0,10.0,1
0.0,466.0,0.22983247908014812,-3.1831141666982643,0.2,0.01,0.001,2700.0,10000000000.0,0.01,1.0,0.0,10.0,10.0,1
0.0,467.0,0.21286967852725944,-3.0830922154380827,0.2,0.01,0.001,2700.0,10000000000.0,0.01,1.0,0.0,10.0,10.0,1
0.0,468.0,0.19779896740290293,-2.9901138250200257,0.2,0.01,0.001,2700.0,10000000000.0,0.01,1.0,0.0,10.0,10.0,1
0.0,469.0,0.18435064342058707,-2.903424360313005,0.2,0.01,0.001,2700.0,10000000000.0,0.01,1.0,0.0,10.0,10.0,1
0.0,470.0,0.17230134100203587,-2.822372489297096,0.2,0.01,0.001,2700.0,10000000000.0,0.01,1.0,0.0,10.0,10.0,1
0.0,471.0,0.16146481449224453,-2.7463931956669407,0.2,0.01,0.001,2700.0,10000000000.0,0.01,1.0,0.0,10.0,10.0,1
0.0,472.0,0.1516847877189833,-2.6749940143777704,0.2,0.01,0.001,2700.0,10000000000.0,0.01,1.0,0.0,10.0,10.0,1
0.0,473.0,0.1428293578095444,-2.6077438034691527,0.2,0.01,0.001,2700.0,10000000000.0,0.01,1.0,0.0,10.0,10.0,1
0.0,474.0,0.13478657941930872,-2.544263526573575,0.2,0.01,0.001,2700.0,10000000000.0,0.01,1.0,0.0,10.0,10.0,1
0.0,475.0,0.12746095357745338,-2.4842186406177467,0.2,0.01,0.001,2700.0,10000000000.0,0.01,1.0,0.0,10.0,10.0,1
0.0,476.0,0.12077061568347572,-2.427312773510041,0.2,0.01,0.001,2700.0,10000000000.0,0.01,1.0,0.0,10.0,10.0,1
0.0,477.0,0.11464506816756163,-2.3732824450327508,0.2,0.01,0.001,2700.0,10000000000.0,0.01,1.0,0.0,10.0,10.0,1
0.0,478.0,0.10902334064854663,-2.3218926364052734,0.2,0.01,0.001,2700.0,10000000000.0,0.01,1.0,0.0,10.0,10.0,1
0.0,479.0,0.1038524880008133,-2.272933054174141,0.2,0.01,0.001,2700.0,10000000000.0,0.01,1.0,0.0,10.0,10.0,1
0.0,480.0,0.09908635729914761,-2.226214965212699,0.2,0.01,0.001,2700.0,10000000000.0,0.01,1.0,0.0,10.0,10.0,1
0.0,481.0,0.09468457006321339,-2.181568503885965,0.2,0.01,0.001,2700.0,10000000000.0,0.01,1.0,0.0,10.0,10.0,1
0.0,482.0,0.09061167792955903,-2.1388403714772743,0.2,0.01,0.001,2700.0,10000000000.0,0.01,1.0,0.0,10.0,10.0,1
0.0,483.0,0.08683645881402807,-2.097891863008237,0.2,0.01,0.001,2700.0,10000000000.0,0.01,1.0,0.0,10.0,10.0,1
0.0,484.0,0.08333132749477698,-2.0585971685179656,0.2,0.01,0.001,2700.0,10000000000.0,0.01,1.0,0.0,10.0,10.0,1
0.0,485.0,0.08007183986028116,-2.0208419053977975,0.2,0.01,0.001,2700.0,10000000000.0,0.01,1.0,0.0,10.0,10.0,1
0.0,486.0,0.07703627420466364,-1.9845218460237304,0.2,0.01,0.001,2700.0,10000000000.0,0.01,1.0,0.0,10.0,10.0,1
0.0,487.0,0.0742052761949613,-1.949541811099941,0.2,0.01,0.001,2700.0,10000000000.0,0.01,1.0,0.0,10.0,10.0,1
0.0,488.0,0.07156155668953641,-1.9158147041251852,0.2,0.01,0.001,2700.0,10000000000.0,0.01,1.0,0.0,10.0,10.0,1
0.0,489.0,0.06908963361116481,-1.8832606664667277,0.2,0.01,0.001,2700.0,10000000000.0,0.01,1.0,0.0,10.0,10.0,1
0.0,490.0,0.0667756106907377,-1.851806335857254,0.2,0.01,0.001,2700.0,10000000000.0,0.01,1.0,0.0,10.0,10.0,1
0.0,491.0,0.06460698718818968,-1.8213841938648498,0.2,0.01,0.001,2700.0,10000000000.0,0.01,1.0,0.0,10.0,10.0,1
0.0,492.0,0.06257249373570402,-1.7919319901441886,0.2,0.01,0.001,2700.0,10000000000.0,0.01,1.0,0.0,10.0,10.0,1
0.0,493.0,0.060661950287250195,-1.7633922331443175,0.2,0.01,0.001,2700.0,10000000000.0,0.01,1.0,0.0,10.0,10.0,1
0.0,494.0,0.05886614283963731,-1.7357117385022691,0.2,0.01,0.001,2700.0,10000000000.0,0.01,1.0,0.0,10.0,10.0,1
0.0,495.0,0.05717671614546874,-1.7088412276468146,0.2,0.01,0.001,2700.0,10000000000.0,0.01,1.0,0.0,10.0,10.0,1
0.0,496.0,0.05558608009282195,-1.6827349702220924,0.2,0.01,0.001,2700.0,10000000000.0,0.01,1.0,0.0,10.0,10.0,1
0.0,497.0,0.05408732779984829,-1.6573504648507158,0.2,0.01,0.001,2700.0,10000000000.0,0.01,1.0,0.0,10.0,10.0,1
0.0,498.0,0.05267416378050281,-1.6326481535248465,0.2,0.01,0.001,2700.0,10000000000.0,0.01,1.0,0.0,10.0,10.0,1
0.0,499.0,0.05134084079254528,-1.6085911655619296,0.2,0.01,0.001,2700.0,10000000000.0,0.01,1.0,0.0,10.0,10.0,1
0.0,500.0,0.050082104190721656,-1.5851450876122217,0.2,0.01,0.001,2700.0,10000000000.0,0.01,1.0,0.0,10.0,10.0,1
0.0,501.0,0.04889314278460051,-1.5622777566736696,0.2,0.01,0.001,2700.0,10000000000.0,0.01,1.0,0.0,10.0,10.0,1
0.0,502.0,0.047769545348080325,-1.5399590734678155,0.2,0.01,0.001,2700.0,10000000000.0,0.01,1.0,0.0,10.0,10.0,1
0.0,503.0,0.046707262051471965,-1.5181608338727408,0.2,0.01,0.001,2700.0,10000000000.0,0.01,1.0,0.0,10.0,10.0,1
0.0,504.0,0.04570257019116148,-1.496856576400451,0.2,0.01,0.001,2700.0,10000000000.0,0.01,1.0,0.0,10.0,10.0,1
0.0,505.0,0.044752043679845324,-1.4760214439586312,0.2,0.01,0.001,2700.0,10000000000.0,0.01,1.0,0.0,10.0,10.0,1
0.0,506.0,0.043852525834657145,-1.4556320583526252,0.2,0.01,0.001,2700.0,10000000000.0,0.01,1.0,0.0,10.0,10.0,1
0.0,507.0,0.043001105063658805,-1.4356664061708073,0.2,0.01,0.001,2700.0,10000000000.0,0.01,1.0,0.0,10.0,10.0,1
0.0,508.0,0.04219509310488564,-1.4161037348588565,0.2,0.01,0.001,2700.0,10000000000.0,0.01,1.0,0.0,10.0,10.0,1
0.0,509.0,0.041432005517914115,-1.3969244579284523,0.2,0.01,0.001,2700.0,10000000000.0,0.01,1.0,0.0,10.0,10.0,1
0.0,510.0,0.04070954416713249,-1.378110068368646,0.2,0.01,0.001,2700.0,10000000000.0,0.01,1.0,0.0,10.0,10.0,1
0.0,511.0,0.04002558146945198,-1.3596430594342332,0.2,0.01,0.001,2700.0,10000000000.0,0.01,1.0,0.0,10.0,10.0,1
0.0,512.0,0.03937814620805098,-1.3415068520788036,0.2,0.01,0.001,2700.0,10000000000.0,0.01,1.0,0.0,10.0,10.0,1
0.0,513.0,0.03876541073860145,-1.3236857283811128,0.2,0.01,0.001,2700.0,10000000000.0,0.01,1.0,0.0,10.0,10.0,1
0.0,514.0,0.03818567943587392,-1.3061647703852344,0.2,0.01,0.001,2700.0,10000000000.0,0.01,1.0,0.0,10.0,10.0,1
0.0,515.0,0.03763737824714342,-1.2889298038368366,0.2,0.01,0.001,2700.0,10000000000.0,0.01,1.0,0.0,10.0,10.0,1
0.0,516.0,0.037119045234926235,-1.2719673463538315,0.2,0.01,0.001,2700.0,10000000000.0,0.01,1.0,0.0,10.0,10.0,1
0.0,517.0,0.03662932200552714,-1.2552645596174763,0.2,0.01,0.001,2700.0,10000000000.0,0.01,1.0,0.0,10.0,10.0,1
0.0,518.0,0.036166945932027725,-1.2388092052133197,0.2,0.01,0.001,2700.0,10000000000.0,0.01,1.0,0.0,10.0,10.0,1
0.0,519.0,0.035730743090948404,-1.2225896037890276,0.2,0.01,0.001,2700.0,10000000000.0,0.01,1.0,0.0,10.0,10.0,1
0.0,520.0,0.0353196218410832,-1.2065945972296783,0.2,0.01,0.001,2700.0,10000000000.0,0.01,1.0,0.0,10.0,10.0,1
0.0,521.0,0.03493256698109204,-1.190813513581104,0.2,0.01,0.001,2700.0,10000000000.0,0.01,1.0,0.0,10.0,10.0,1
0.0,522.0,0.03456863442956507,-1.1752361344778968,0.2,0.01,0.001,2700.0,10000000000.0,0.01,1.0,0.0,10.0,10.0,1
0.0,523.0,0.0342269463775,-1.1598526648565166,0.2,0.01,0.001,2700.0,10000000000.0,0.01,1.0,0.0,10.0,10.0,1
0.0,524.0,0.03390668686864134,-1.1446537047547438,0.2,0.01,0.001,2700.0,10000000000.0,0.01,1.0,0.0,10.0,10.0,1
0.0,525.0,0.03360709776796422,-1.1296302230173354,0.2,0.01,0.001,2700.0,10000000000.0,0.01,1.0,0.0,10.0,10.0,1
0.0,526.0,0.033327475082887054,-1.114773532744547,0.2,0.01,0.001,2700.0,10000000000.0,0.01,1.0,0.0,10.0,10.0,1
0.0,527.0,0.03306716560555531,-1.1000752683348662,0.2,0.01,0.001,2700.0,10000000000.0,0.01,1.0,0.0,10.0,10.0,1
0.0,528.0,0.03282556384792556,-1.0855273639869722,0.2,0.01,0.001,2700.0,10000000000.0,0.01,1.0,0.0,10.0,10.0,1
0.0,529.0,0.032602109244340614,-1.071122033537331,0.2,0.01,0.001,2700.0,10000000000.0,0.01,1.0,0.0,10.0,10.0,1
0.0,530.0,0.03239628359895171,-1.0568517515212068,0.2,0.01,0.001,2700.0,10000000000.0,0.01,1.0,0.0,10.0,10.0,1
0.0,531.0,0.03220760875770452,-1.0427092353538596,0.2,0.01,0.001,2700.0,10000000000.0,0.01,1.0,0.0,10.0,10.0,1
0.0,532.0,0.03203564448671945,-1.0286874285377112,0.2,0.01,0.001,2700.0,10000000000.0,0.01,1.0,0.0,10.0,10.0,1
0.0,533.0,0.031879986540784715,-1.0147794848088347,0.2,0.01,0.001,2700.0,10000000000.0,0.01,1.0,0.0,10.0,10.0,1
0.0,534.0,0.0317402649073898,-1.000978753143051,0.2,0.01,0.001,2700.0,10000000000.0,0.01,1.0,0.0,10.0,10.0,1
0.0,535.0,0.03161614221323233,-0.9872787635484072,0.2,0.01,0.001,2700.0,10000000000.0,0.01,1.0,0.0,10.0,10.0,1
0.0,536.0,0.03150731228152499,-0.9736732135759966,0.2,0.01,0.001,2700.0,10000000000.0,0.01,1.0,0.0,10.0,10.0,1
0.0,537.0,0.03141349882966196,-0.9601559554865627,0.2,0.01,0.001,2700.0,10000000000.0,0.01,1.0,0.0,10.0,10.0,1
0.0,538.0,0.03133445429793171,-0.9467209840146582,0.2,0.01,0.001,2700.0,10000000000.0,0.01,1.0,0.0,10.0,10.0,1
0.0,539.0,0.03126995880098794,-0.9333624246761245,0.2,0.01,0.001,2700.0,10000000000.0,0.01,1.0,0.0,10.0,10.0,1
0.0,540.0,0.03121981919473159,-0.920074522568582,0.2,0.01,0.001,2700.0,10000000000.0,0.01,1.0,0.0,10.0,10.0,1
0.0,541.0,0.03118386825209495,-0.9068516316174089,0.2,0.01,0.001,2700.0,10000000000.0,0.01,1.0,0.0,10.0,10.0,1
0.0,542.0,0.03116196394202876,-0.8936882042233106,0.2,0.01,0.001,2700.0,10000000000.0,0.01,1.0,0.0,10.0,10.0,1
0.0,543.0,0.03115398880670557,-0.88057878126928,0.2,0.01,0.001,2700.0,10000000000.0,0.01,1.0,0.0,10.0,10.0,1
0.0,544.0,0.031159849432631555,-0.8675179824478836,0.2,0.01,0.001,2700.0,10000000000.0,0.01,1.0,0.0,10.0,10.0,1
0.0,545.0,0.031179476011996547,-0.8545004968713775,0.2,0.01,0.001,2700.0,10000000000.0,0.01,1.0,0.0,10.0,10.0,1
0.0,546.0,0.031212821991178245,-0.8415210739287874,0.2,0.01,0.001,2700.0,10000000000.0,0.01,1.0,0.0,10.0,10.0,1
0.0,547.0,0.031259863803888,-0.8285745143561938,0.2,0.01,0.001,2700.0,10000000000.0,0.01,1.0,0.0,10.0,10.0,1
0.0,548.0,0.031320600686967084,-0.8156556614871594,0.2,0.01,0.001,2700.0,10000000000.0,0.01,1.0,0.0,10.0,10.0,1
0.0,549.0,0.0313950545773833,-0.8027593926517576,0.2,0.01,0.001,2700.0,10000000000.0,0.01,1.0,0.0,10.0,10.0,1
0.0,550.0,0.03148327008944709,-0.7898806106933084,0.2,0.01,0.001,2700.0,10000000000.0,0.01,1.0,0.0,10.0,10.0,1
0.0,551.0,0.03158531457177872,-0.7770142355728387,0.2,0.01,0.001,2700.0,10000000000.0,0.01,1.0,0.0,10.0,10.0,1
0.0,552.0,0.03170127824403496,-0.7641551960316714,0.2,0.01,0.001,2700.0,10000000000.0,0.01,1.0,0.0,10.0,10.0,1
0.0,553.0,0.031831274413873414,-0.7512984212829168,0.2,0.01,0.001,2700.0,10000000000.0,0.01,1.0,0.0,10.0,10.0,1
0.0,554.0,0.03197543977513486,-0.7384388327029966,0.2,0.01,0.001,2700.0,10000000000.0,0.01,1.0,0.0,10.0,10.0,1
0.0,555.0,0.03213393478869527,-0.7255713354939997,0.2,0.01,0.001,2700.0,10000000000.0,0.01,1.0,0.0,10.0,10.0,1
0.0,556.0,0.032306944147955104,-0.712690810287844,0.2,0.01,0.001,2700.0,10000000000.0,0.01,1.0,0.0,10.0,10.0,1
0.0,557.0,0.032494677331439785,-0.6997921046625831,0.2,0.01,0.001,2700.0,10000000000.0,0.01,1.0,0.0,10.0,10.0,1
0.0,558.0,0.03269736924553646,-0.6868700245409691,0.2,0.01,0.001,2700.0,10000000000.0,0.01,1.0,0.0,10.0,10.0,1
0.0,559.0,0.03291528096094283,-0.6739193254403287,0.2,0.01,0.001,2700.0,10000000000.0,0.01,1.0,0.0,10.0,10.0,1
0.0,560.0,0.03314870054700916,-0.6609347035422476,0.2,0.01,0.001,2700.0,10000000000.0,0.01,1.0,0.0,10.0,10.0,1
0.0,561.0,0.033397944008787366,-0.64791078654929,0.2,0.01,0.001,2700.0,10000000000.0,0.01,1.0,0.0,10.0,10.0,1
0.0,562.0,0.033663356332273846,-0.6348421242946181,0.2,0.01,0.001,2700.0,10000000000.0,0.01,1.0,0.0,10.0,10.0,1
0.0,563.0,0.03394531264406265,-0.6217231790689666,0.2,0.01,0.001,2700.0,10000000000.0,0.01,1.0,0.0,10.0,10.0,1
0.0,564.0,0.03424421949241299,-0.608548315627827,0.2,0.01,0.001,2700.0,10000000000.0,0.01,1.0,0.0,10.0,10.0,1
0.0,565.0,0.03456051625758173,-0.5953117908392248,0.2,0.01,0.001,2700.0,10000000000.0,0.01,1.0,0.0,10.0,10.0,1
0.0,566.0,0.034894676700205164,-0.5820077429306177,0.2,0.01,0.001,2700.0,10000000000.0,0.01,1.0,0.0,10.0,10.0,1
0.0,567.0,0.035247210657522454,-0.5686301802908866,0.2,0.01,0.001,2700.0,10000000000.0,0.01,1.0,0.0,10.0,10.0,1
0.0,568.0,0.03561866589834557,-0.5551729697799803,0.2,0.01,0.001,2700.0,10000000000.0,0.01,1.0,0.0,10.0,10.0,1
0.0,569.0,0.03600963014890375,-0.5416298244963077,0.2,0.01,0.001,2700.0,10000000000.0,0.01,1.0,0.0,10.0,10.0,1
0.0,570.0,0.03642073330303149,-0.5279942909476719,0.2,0.01,0.001,2700.0,10000000000.0,0.01,1.0,0.0,10.0,10.0,1
0.0,571.0,0.03685264983165643,-0.514259735568034,0.2,0.01,0.001,2700.0,10000000000.0,0.01,1.0,0.0,10.0,10.0,1
0.0,572.0,0.037306101408202265,-0.5004193305173275,0.2,0.01,0.001,2700.0,10000000000.0,0.01,1.0,0.0,10.0,10.0,1
0.0,573.0,0.0377818597683226,-0.48646603869734617,0.2,0.01,0.001,2700.0,10000000000.0,0.01,1.0,0.0,10.0,10.0,1
0.0,574.0,0.03828074982444314,-0.47239259791024496,0.2,0.01,0.001,2700.0,10000000000.0,0.01,1.0,0.0,10.0,10.0,1
0.0,575.0,0.03880365305783005,-0.45819150408079395,0.2,0.01,0.001,2700.0,10000000000.0,0.01,1.0,0.0,10.0,10.0,1
0.0,576.0,0.039351511213443484,-0.44385499345618734,0.2,0.01,0.001,2700.0,10000000000.0,0.01,1.0,0.0,10.0,10.0,1
0.0,577.0,0.03992533032565076,-0.4293750236896119,0.2,0.01,0.001,2700.0,10000000000.0,0.01,1.0,0.0,10.0,10.0,1
0.0,578.0,0.04052618510603443,-0.41474325370558973,0.2,0.01,0.001,2700.0,10000000000.0,0.01,1.0,0.0,10.0,10.0,1
0.0,579.0,0.04115522372809284,-0.3999510222351622,0.2,0.01,0.001,2700.0,10000000000.0,0.01,1.0,0.0,10.0,10.0,1
0.0,580.0,0.04181367304759456,-0.3849893248986971,0.2,0.01,0.001,2700.0,10000000000.0,0.01,1.0,0.0,10.0,10.0,1
0.0,581.0,0.042502844301856524,-0.36984878970244517,0.2,0.01,0.001,2700.0,10000000000.0,0.01,1.0,0.0,10.0,10.0,1
0.0,582.0,0.0432241393362561,-0.3545196508014526,0.2,0.01,0.001,2700.0,10000000000.0,0.01,1.0,0.0,10.0,10.0,1
0.0,583.0,0.043979057412002455,-0.33899172036718755,0.2,0.01,0.001,2700.0,10000000000.0,0.01,1.0,0.0,10.0,10.0,1
0.0,584.0,0.04476920265565979,-0.3232543583815716,0.2,0.01,0.001,2700.0,10000000000.0,0.01,1.0,0.0,10.0,10.0,1
0.0,585.0,0.04559629221820385,-0.30729644016093083,0.2,0.01,0.001,2700.0,10000000000.0,0.01,1.0,0.0,10.0,10.0,1
0.0,586.0,0.04646216521972658,-0.29110632139248366,0.2,0.01,0.001,2700.0,10000000000.0,0.01,1.0,0.0,10.0,10.0,1
0.0,587.0,0.04736879256530732,-0.27467180044362455,0.2,0.01,0.001,2700.0,10000000000.0,0.01,1.0,0.0,10.0,10.0,1
0.0,588.0,0.04831828772832676,-0.25798007767743747,0.2,0.01,0.001,2700.0,10000000000.0,0.01,1.0,0.0,10.0,10.0,1
0.0,589.0,0.04931291860974472,-0.24101771147945542,0.2,0.01,0.001,2700.0,10000000000.0,0.01,1.0,0.0,10.0,10.0,1
0.0,590.0,0.05035512059585998,-0.22377057066747524,0.2,0.01,0.001,2700.0,10000000000.0,0.01,1.0,0.0,10.0,10.0,1
0.0,591.0,0.051447510953086174,-0.2062237829195175,0.2,0.01,0.001,2700.0,10000000000.0,0.01,1.0,0.0,10.0,10.0,1
0.0,592.0,0.0525929047166687,-0.18836167881259025,0.2,0.01,0.001,2700.0,10000000000.0,0.01,1.0,0.0,10.0,10.0,1
0.0,593.0,0.05379433225137057,-0.17016773101833396,0.2,0.01,0.001,2700.0,10000000000.0,0.01,1.0,0.0,10.0,10.0,1
0.0,594.0,0.055055058686445675,-0.15162448814751178,0.2,0.01,0.001,2700.0,10000000000.0,0.01,1.0,0.0,10.0,10.0,1
0.0,595.0,0.05637860545530082,-0.13271350267430274,0.2,0.01,0.001,2700.0,10000000000.0,0.01,1.0,0.0,10.0,10.0,1
0.0,596.0,0.057768774202629894,-0.11341525230253226,0.2,0.01,0.001,2700.0,10000000000.0,0.01,1.0,0.0,10.0,10.0,1
0.0,597.0,0.05922967335936843,-0.09370905405651596,0.2,0.01,0.001,2700.0,10000000000.0,0.01,1.0,0.0,10.0,10.0,1
0.0,598.0,0.06076574772942583,-0.0735729702896933,0.2,0.01,0.001,2700.0,10000000000.0,0.01,1.0,0.0,10.0,10.0,1
0.0,599.0,0.062381811482874944,-0.052983705700702315,0.2,0.01,0.001,2700.0,10000000000.0,0.01,1.0,0.0,10.0,10.0,1
0.0,600.0,0.06408308500948505,-0.03191649432881247,0.2,0.01,0.001,2700.0,10000000000.0,0.01,1.0,0.0,10.0,10.0,1
0.0,601.0,0.06587523615560263,-0.010344975365409452,0.2,0.01,0.001,2700.0,10000000000.0,0.01,1.0,0.0,10.0,10.0,1
0.0,602.0,0.06776442644857956,0.011758943538313207,0.2,0.01,0.001,2700.0,10000000000.0,0.01,1.0,0.0,10.0,10.0,1
0.0,603.0,0.06975736300809636,0.03442523696599435,0.2,0.01,0.001,2700.0,10000000000.0,0.01,1.0,0.0,10.0,10.0,1
0.0,604.0,0.07186135695607679,0.057685928139972656,0.2,0.01,0.001,2700.0,10000000000.0,0.01,1.0,0.0,10.0,10.0,1
0.0,605.0,0.0740843892694116,0.08157527298102453,0.2,0.01,0.001,2700.0,10000000000.0,0.01,1.0,0.0,10.0,10.0,1
0.0,606.0,0.07643518517679618,0.10612996404974984,0.2,0.01,0.001,2700.0,10000000000.0,0.01,1.0,0.0,10.0,10.0,1
0.0,607.0,0.0789232983875951,0.1313893569199908,0.2,0.01,0.001,2700.0,10000000000.0,0.01,1.0,0.0,10.0,10.0,1
0.0,608.0,0.08155920666291305,0.15739572191240125,0.2,0.01,0.001,2700.0,10000000000.0,0.01,1.0,0.0,10.0,10.0,1
0.0,609.0,0.08435442050486984,0.18419452455958127,0.2,0.01,0.001,2700.0,10000000000.0,0.01,1.0,0.0,10.0,10.0,1
0.0,610.0,0.08732160705868344,0.21183473869221062,0.2,0.01,0.001,2700.0,10000000000.0,0.01,1.0,0.0,10.0,10.0,1
0.0,611.0,0.09047473170549071,0.24036919664520134,0.2,0.01,0.001,2700.0,10000000000.0,0.01,1.0,0.0,10.0,10.0,1
0.0,612.0,0.09382922028666488,0.26985498180179257,0.2,0.01,0.001,2700.0,10000000000.0,0.01,1.0,0.0,10.0,10.0,1
0.0,613.0,0.09740214546101275,0.3003538695425384,0.2,0.01,0.001,2700.0,10000000000.0,0.01,1.0,0.0,10.0,10.0,1
0.0,614.0,0.10121244137800524,0.3319328236732289,0.2,0.01,0.001,2700.0,10000000000.0,0.01,1.0,0.0,10.0,10.0,1
0.0,615.0,0.10528115168242423,0.36466455660325353,0.2,0.01,0.001,2700.0,10000000000.0,0.01,1.0,0.0,10.0,10.0,1
0.0,616.0,0.10963171688575145,0.3986281629747919,0.2,0.01,0.001,2700.0,10000000000.0,0.01,1.0,0.0,10.0,10.0,1
0.0,617.0,0.11429030839482203,0.43390983815257017,0.2,0.01,0.001,2700.0,10000000000.0,0.01,1.0,0.0,10.0,10.0,1
0.0,618.0,0.11928621803971375,0.47060369503747823,0.2,0.01,0.001,2700.0,10000000000.0,0.01,1.0,0.0,10.0,10.0,1
0.0,619.0,0.12465231386910128,0.5088126951416752,0.2,0.01,0.001,2700.0,10000000000.0,0.01,1.0,0.0,10.0,10.0,1
0.0,620.0,0.13042557538412247,0.5486497128546932,0.2,0.01,0.001,2700.0,10000000000.0,0.01,1.0,0.0,10.0,10.0,1
0.0,621.0,0.13664772439383818,0.590238755461606,0.2,0.01,0.001,2700.0,10000000000.0,0.01,1.0,0.0,10.0,10.0,1
0.0,622.0,0.1433659714705427,0.6337163658997375,0.2,0.01,0.001,2700.0,10000000000.0,0.01,1.0,0.0,10.0,10.0,1
0.0,623.0,0.15063390279043531,0.6792332406511091,0.2,0.01,0.001,2700.0,10000000000.0,0.01,1.0,0.0,10.0,10.0,1
0.0,624.0,0.15851253826881528,0.7269561018136306,0.2,0.01,0.001,2700.0,10000000000.0,0.01,1.0,0.0,10.0,10.0,1
0.0,625.0,0.16707159974538502,0.7770698705883086,0.2,0.01,0.001,2700.0,10000000000.0,0.01,1.0,0.0,10.0,10.0,1
0.0,626.0,0.1763910380899096,0.8297801995619987,0.2,0.01,0.001,2700.0,10000000000.0,0.01,1.0,0.0,10.0,10.0,1
0.0,627.0,0.18656288122324857,0.8853164337814594,0.2,0.01,0.001,2700.0,10000000000.0,0.01,1.0,0.0,10.0,10.0,1
0.0,628.0,0.19769348219178068,0.9439350863606327,0.2,0.01,0.001,2700.0,10000000000.0,0.01,1.0,0.0,10.0,10.0,1
0.0,629.0,0.20990626898766251,1.0059239341183894,0.2,0.01,0.001,2700.0,10000000000.0,0.01,1.0,0.0,10.0,10.0,1
0.0,630.0,0.22334512769986603,1.0716068636176028,0.2,0.01,0.001,2700.0,10000000000.0,0.01,1.0,0.0,10.0,10.0,1
0.0,631.0,0.23817859051464163,1.1413496294419594,0.2,0.01,0.001,2700.0,10000000000.0,0.01,1.0,0.0,10.0,10.0,1
0.0,632.0,0.2546050538727454,1.2155667265003312,0.2,0.01,0.001,2700.0,10000000000.0,0.01,1.0,0.0,10.0,10.0,1
0.0,633.0,0.2728593251793893,1.2947296290823913,0.2,0.01,0.001,2700.0,10000000000.0,0.01,1.0,0.0,10.0,10.0,1
0.0,634.0,0.29322089669421125,1.3793767145249498,0.2,0.01,0.001,2700.0,10000000000.0,0.01,1.0,0.0,10.0,10.0,1
0.0,635.0,0.3160244840312451,1.4701252728752416,0.2,0.01,0.001,2700.0,10000000000.0,0.01,1.0,0.0,10.0,10.0,1
0.0,636.0,0.34167356090741474,1.5676861112072844,0.2,0.01,0.001,2700.0,10000000000.0,0.01,1.0,0.0,10.0,10.0,1
0.0,637.0,0.37065789648931957,1.6728813989897022,0.2,0.01,0.001,2700.0,10000000000.0,0.01,1.0,0.0,10.0,10.0,1
0.0,638.0,0.40357649479310426,1.7866665773165904,0.2,0.01,0.001,2700.0,10000000000.0,0.01,1.0,0.0,10.0,10.0,1
0.0,639.0,0.44116790503624126,1.9101573792003232,0.2,0.01,0.001,2700.0,10000000000.0,0.01,1.0,0.0,10.0,10.0,1
0.0,640.0,0.4843507074888698,2.0446632896884425,0.2,0.01,0.001,2700.0,10000000000.0,0.01,1.0,0.0,10.0,10.0,1
0.0,641.0,0.5342782225865637,2.191729118847595,0.2,0.01,0.001,2700.0,10000000000.0,0.01,1.0,0.0,10.0,10.0,1
0.0,642.0,0.5924133675592429,2.353186761103475,0.2,0.01,0.001,2700.0,10000000000.0,0.01,1.0,0.0,10.0,10.0,1
0.0,643.0,0.6606324605748959,2.531219632965623,0.2,0.01,0.001,2700.0,10000000000.0,0.01,1.0,0.0,10.0,10.0,1
0.0,644.0,0.7413712500377537,2.7284426045386403,0.2,0.01,0.001,2700.0,10000000000.0,0.01,1.0,0.0,10.0,10.0,1
0.0,645.0,0.8378335338905597,2.948000182554815,0.2,0.01,0.001,2700.0,10000000000.0,0.01,1.0,0.0,10.0,10.0,1
0.0,646.0,0.9542941397732134,3.193684587074262,0.2,0.01,0.001,2700.0,10000000000.0,0.01,1.0,0.0,10.0,10.0,1
0.0,647.0,1.0965466958517018,3.470071627182666,0.2,0.01,0.001,2700.0,10000000000.0,0.01,1.0,0.0,10.0,10.0,1
0.0,648.0,1.2725776072855821,3.7826623319361956,0.2,0.01,0.001,2700.0,10000000000.0,0.01,1.0,0.0,10.0,10.0,1
0.0,649.0,1.4935997113377977,4.1379938305909105,0.2,0.01,0.001,2700.0,10000000000.0,0.01,1.0,0.0,10.0,10.0,1
0.0,650.0,1.7756669293605916,4.543624556288366,0.2,0.01,0.001,2700.0,10000000000.0,0.01,1.0,0.0,10.0,10.0,1
0.0,651.0,2.1422377464822895,5.00776014903836,0.2,0.01,0.001,2700.0,10000000000.0,0.01,1.0,0.0,10.0,10.0,1
0.0,652.0,2.6282877499099997,5.537955333137767,0.2,0.01,0.001,2700.0,10000000000.0,0.01,1.0,0.0,10.0,10.0,1
0.0,653.0,3.2868835054497723,6.137530092845276,0.2,0.01,0.001,2700.0,10000000000.0,0.01,1.0,0.0,10.0,10.0,1
0.0,654.0,4.1992928821976605,6.79642084590573,0.2,0.01,0.001,2700.0,10000000000.0,0.01,1.0,0.0,10.0,10.0,1
0.0,655.0,5.488470303893126,7.468721591161623,0.2,0.01,0.001,2700.0,10000000000.0,0.01,1.0,0.0,10.0,10.0,1
0.0,656.0,7.327869926491523,8.020096160706402,0.2,0.01,0.001,2700.0,10000000000.0,0.01,1.0,0.0,10.0,10.0,1
0.0,657.0,9.905253162032636,8.118781215822946,0.2,0.01,0.001,2700.0,10000000000.0,0.01,1.0,0.0,10.0,10.0,1
0.0,658.0,13.21112516457735,7.088184624023509,0.2,0.01,0.001,2700.0,10000000000.0,0.01,1.0,0.0,10.0,10.0,1
0.0,659.0,16.476831593595527,4.042159460853142,0.2,0.01,0.001,2700.0,10000000000.0,0.01,1.0,0.0,10.0,10.0,1
0.0,660.0,17.870709479254096,-0.9610539479650124,0.2,0.01,0.001,2700.0,10000000000.0,0.01,1.0,0.0,10.0,10.0,1
0.0,661.0,16.26147118791664,-5.863389355250642,0.2,0.01,0.001,2700.0,10000000000.0,0.01,1.0,0.0,10.0,10.0,1
0.0,662.0,12.936479784585481,-8.730063044119996,0.2,0.01,0.001,2700.0,10000000000.0,0.01,1.0,0.0,10.0,10.0,1
0.0,663.0,9.67439640580979,-9.6393616039588,0.2,0.01,0.001,2700.0,10000000000.0,0.01,1.0,0.0,10.0,10.0,1
0.0,664.0,7.159497037385337,-9.486088393731483,0.2,0.01,0.001,2700.0,10000000000.0,0.01,1.0,0.0,10.0,10.0,1
0.0,665.0,5.370370713844943,-8.916860426397205,0.2,0.01,0.001,2700.0,10000000000.0,0.01,1.0,0.0,10.0,10.0,1
0.0,666.0,4.1163172926361415,-8.242507750651164,0.2,0.01,0.001,2700.0,10000000000.0,0.01,1.0,0.0,10.0,10.0,1
0.0,667.0,3.2275977715114434,-7.587404599417067,0.2,0.01,0.001,2700.0,10000000000.0,0.01,1.0,0.0,10.0,10.0,1
0.0,668.0,2.5850137203131096,-6.993295917992616,0.2,0.01,0.001,2700.0,10000000000.0,0.01,1.0,0.0,10.0,10.0,1
0.0,669.0,2.1099612212486547,-6.468634586238071,0.2,0.01,0.001,2700.0,10000000000.0,0.01,1.0,0.0,10.0,10.0,1
0.0,670.0,1.7511026304692237,-6.009543371036503,0.2,0.01,0.001,2700.0,10000000000.0,0.01,1.0,0.0,10.0,10.0,1
0.0,671.0,1.47456210093622,-5.608330325483769,0.2,0.01,0.001,2700.0,10000000000.0,0.01,1.0,0.0,10.0,10.0,1
0.0,672.0,1.257584094454432,-5.256811181182747,0.2,0.01,0.001,2700.0,10000000000.0,0.01,1.0,0.0,10.0,10.0,1
0.0,673.0,1.0845707229343098,-4.947500937008403,0.2,0.01,0.001,2700.0,10000000000.0,0.01,1.0,0.0,10.0,10.0,1
0.0,674.0,0.9446105514205225,-4.673945641019076,0.2,0.01,0.001,2700.0,10000000000.0,0.01,1.0,0.0,10.0,10.0,1
0.0,675.0,0.829920317156681,-4.430721502851392,0.2,0.01,0.001,2700.0,10000000000.0,0.01,1.0,0.0,10.0,10.0,1
0.0,676.0,0.73484597339571,-4.213319268550088,0.2,0.01,0.001,2700.0,10000000000.0,0.01,1.0,0.0,10.0,10.0,1
0.0,677.0,0.6552103808346212,-4.018002180310779,0.2,0.01,0.001,2700.0,10000000000.0,0.01,1.0,0.0,10.0,10.0,1
0.0,678.0,0.5878793010971187,-3.8416712483856164,0.2,0.01,0.001,2700.0,10000000000.0,0.01,1.0,0.0,10.0,10.0,1
0.0,679.0,0.5304673186903008,-3.681748729860677,0.2,0.01,0.001,2700.0,10000000000.0,0.01,1.0,0.0,10.0,10.0,1
0.0,680.0,0.4811350828353959,-3.536081458427661,0.2,0.01,0.001,2700.0,10000000000.0,0.01,1.0,0.0,10.0,10.0,1
0.0,681.0,0.43844720426411804,-3.4028622298631657,0.2,0.01,0.001,2700.0,10000000000.0,0.01,1.0,0.0,10.0,10.0,1
0.0,682.0,0.401271124529931,-3.2805664552928713,0.2,0.01,0.001,2700.0,10000000000.0,0.01,1.0,0.0,10.0,10.0,1
0.0,683.0,0.3687041083139758,-3.1679012837605063,0.2,0.01,0.001,2700.0,10000000000.0,0.01,1.0,0.0,10.0,10.0,1
0.0,684.0,0.3400198317951649,-3.063764733581883,0.2,0.01,0.001,2700.0,10000000000.0,0.01,1.0,0.0,10.0,10.0,1
0.0,685.0,0.3146288198350563,-2.9672127917952844,0.2,0.01,0.001,2700.0,10000000000.0,0.01,1.0,0.0,10.0,10.0,1
0.0,686.0,0.2920488007407719,-2.8774328378470537,0.2,0.01,0.001,2700.0,10000000000.0,0.01,1.0,0.0,10.0,10.0,1
0.0,687.0,0.2718822519094874,-2.793722087020399,0.2,0.01,0.001,2700.0,10000000000.0,0.01,1.0,0.0,10.0,10.0,1
0.0,688.0,0.2537992202022633,-2.7154700259214795,0.2,0.01,0.001,2700.0,10000000000.0,0.01,1.0,0.0,10.0,10.0,1
0.0,689.0,0.23752405380823666,-2.64214403262803,0.2,0.01,0.001,2700.0,10000000000.0,0.01,1.0,0.0,10.0,10.0,1
0.0,690.0,0.22282506442569044,-2.5732775471564535,0.2,0.01,0.001,2700.0,10000000000.0,0.01,1.0,0.0,10.0,10.0,1
0.0,691.0,0.20950640583526706,-2.5084602929941853,0.2,0.01,0.001,2700.0,10000000000.0,0.01,1.0,0.0,10.0,10.0,1
0.0,692.0,0.19740164403606325,-2.4473301556256835,0.2,0.01,0.001,2700.0,10000000000.0,0.01,1.0,0.0,10.0,10.0,1
0.0,693.0,0.1863686293768892,-2.389566405892065,0.2,0.01,0.001,2700.0,10000000000.0,0.01,1.0,0.0,10.0,10.0,1
0.0,694.0,0.17628537886603973,-2.3348840199140906,0.2,0.01,0.001,2700.0,10000000000.0,0.01,1.0,0.0,10.0,10.0,1
0.0,695.0,0.16704674817465895,-2.2830288972736965,0.2,0.01,0.001,2700.0,10000000000.0,0.01,1.0,0.0,10.0,10.0,1
0.0,696.0,0.1585617253823461,-2.2337738183595435,0.2,0.01,0.001,2700.0,10000000000.0,0.01,1.0,0.0,10.0,10.0,1
0.0,697.0,0.15075121754079793,-2.186915012668876,0.2,0.01,0.001,2700.0,10000000000.0,0.01,1.0,0.0,10.0,10.0,1
0.0,698.0,0.14354623036384292,-2.1422692342828458,0.2,0.01,0.001,2700.0,10000000000.0,0.01,1.0,0.0,10.0,10.0,1
0.0,699.0,0.13688636342176128,-2.0996712601378777,0.2,0.01,0.001,2700.0,10000000000.0,0.01,1.0,0.0,10.0,10.0,1
0.0,700.0,0.13071856000197493,-2.058971742188428,0.2,0.01,0.001,2700.0,10000000000.0,0.01,1.0,0.0,10.0,10.0,1
0.0,701.0,0.12499606365479174,-2.0200353569563894,0.2,0.01,0.001,2700.0,10000000000.0,0.01,1.0,0.0,10.0,10.0,1
0.0,702.0,0.1196775433566221,-1.9827392059370246,0.2,0.01,0.001,2700.0,10000000000.0,0.01,1.0,0.0,10.0,10.0,1
0.0,703.0,0.1147263569166588,-1.9469714283890054,0.2,0.01,0.001,2700.0,10000000000.0,0.01,1.0,0.0,10.0,10.0,1
0.0,704.0,0.11010992826081946,-1.9126299945765066,0.2,0.01,0.001,2700.0,10000000000.0,0.01,1.0,0.0,10.0,10.0,1
0.0,705.0,0.10579921894482588,-1.8796216528564083,0.2,0.01,0.001,2700.0,10000000000.0,0.01,1.0,0.0,10.0,10.0,1
0.0,706.0,0.1017682779746856,-1.847861008360021,0.2,0.01,0.001,2700.0,10000000000.0,0.01,1.0,0.0,10.0,10.0,1
0.0,707.0,0.09799385697162825,-1.8172697145957584,0.2,0.01,0.001,2700.0,10000000000.0,0.01,1.0,0.0,10.0,10.0,1
0.0,708.0,0.09445508007967539,-1.7877757622462433,0.2,0.01,0.001,2700.0,10000000000.0,0.01,1.0,0.0,10.0,10.0,1
0.0,709.0,0.09113315990768672,-1.7593128518721128,0.2,0.01,0.001,2700.0,10000000000.0,0.01,1.0,0.0,10.0,10.0,1
0.0,710.0,0.08801115232329665,-1.7318198392576412,0.2,0.01,0.001,2700.0,10000000000.0,0.01,1.0,0.0,10.0,10.0,1
0.0,711.0,0.08507374415106636,-1.705240243820084,0.2,0.01,0.001,2700.0,10000000000.0,0.01,1.0,0.0,10.0,10.0,1
0.0,712.0,0.08230706883073126,-1.6795218119123303,0.2,0.01,0.001,2700.0,10000000000.0,0.01,1.0,0.0,10.0,10.0,1
0.0,713.0,0.07969854591082005,-1.6546161280314378,0.2,0.01,0.001,2700.0,10000000000.0,0.01,1.0,0.0,10.0,10.0,1
0.0,714.0,0.0772367409239997,-1.6304782679370446,0.2,0.01,0.001,2700.0,10000000000.0,0.01,1.0,0.0,10.0,10.0,1
0.0,715.0,0.07491124274296494,-1.6070664885239048,0.2,0.01,0.001,2700.0,10000000000.0,0.01,1.0,0.0,10.0,10.0,1
0.0,716.0,0.07271255597147178,-1.584341950000642,0.2,0.01,0.001,2700.0,10000000000.0,0.01,1.0,0.0,10.0,10.0,1
0.0,717.0,0.07063200630297994,-1.5622684665295794,0.2,0.01,0.001,2700.0,10000000000.0,0.01,1.0,0.0,10.0,10.0,1
0.0,718.0,0.0686616570934727,-1.540812281994084,0.2,0.01,0.001,2700.0,10000000000.0,0.01,1.0,0.0,10.0,10.0,1
0.0,719.0,0.06679423565702225,-1.519941867997372,0.2,0.01,0.001,2700.0,10000000000.0,0.01,1.0,0.0,10.0,10.0,1
0.0,720.0,0.06502306801199534,-1.4996277415703736,0.2,0.01,0.001,2700.0,10000000000.0,0.01,1.0,0.0,10.0,10.0,1
0.0,721.0,0.06334202098978484,-1.4798423003866534,0.2,0.01,0.001,2700.0,10000000000.0,0.01,1.0,0.0,10.0,10.0,1
0.0,722.0,0.06174545077297824,-1.4605596735582818,0.2,0.01,0.001,2700.0,10000000000.0,0.01,1.0,0.0,10.0,10.0,1
0.0,723.0,0.060228157060746676,-1.441755586324379,0.2,0.01,0.001,2700.0,10000000000.0,0.01,1.0,0.0,10.0,10.0,1
0.0,724.0,0.058785342169968814,-1.4234072371486235,0.2,0.01,0.001,2700.0,10000000000.0,0.01,1.0,0.0,10.0,10.0,1
0.0,725.0,0.05741257447473234,-1.4054931859203876,0.2,0.01,0.001,2700.0,10000000000.0,0.01,1.0,0.0,10.0,10.0,1
0.0,726.0,0.05610575566688049,-1.3879932521074727,0.2,0.01,0.001,2700.0,10000000000.0,0.01,1.0,0.0,10.0,10.0,1
0.0,727.0,0.05486109138866433,-1.3708884218436599,0.2,0.01,0.001,2700.0,10000000000.0,0.01,1.0,0.0,10.0,10.0,1
0.0,728.0,0.05367506484694484,-1.3541607630496004,0.2,0.01,0.001,2700.0,10000000000.0,0.01,1.0,0.0,10.0,10.0,1
0.0,729.0,0.05254441306857896,-1.3377933477888222,0.2,0.01,0.001,2700.0,10000000000.0,0.01,1.0,0.0,10.0,10.0,1
0.0,730.0,0.05146610549969076,-1.3217701811491434,0.2,0.01,0.001,2700.0,10000000000.0,0.01,1.0,0.0,10.0,10.0,1
0.0,731.0,0.05043732468860795,-1.3060761360177804,0.2,0.01,0.001,2700.0,10000000000.0,0.01,1.0,0.0,10.0,10.0,1
0.0,732.0,0.04945544882437739,-1.290696893188034,0.2,0.01,0.001,2700.0,10000000000.0,0.01,1.0,0.0,10.0,10.0,1
0.0,733.0,0.04851803593035596,-1.2756188862941789,0.2,0.01,0.001,2700.0,10000000000.0,0.01,1.0,0.0,10.0,10.0,1
0.0,734.0,0.047622809536566835,-1.2608292511264159,0.2,0.01,0.001,2700.0,10000000000.0,0.01,1.0,0.0,10.0,10.0,1
0.0,735.0,0.04676764567524094,-1.2463157789226558,0.2,0.01,0.001,2700.0,10000000000.0,0.01,1.0,0.0,10.0,10.0,1
0.0,736.0,0.04595056106222322,-1.232066873276933,0.2,0.01,0.001,2700.0,10000000000.0,0.01,1.0,0.0,10.0,10.0,1
0.0,737.0,0.04516970234273297,-1.2180715103403121,0.2,0.01,0.001,2700.0,10000000000.0,0.01,1.0,0.0,10.0,10.0,1
0.0,738.0,0.044423336293813426,-1.2043192020227746,0.2,0.01,0.001,2700.0,10000000000.0,0.01,1.0,0.0,10.0,10.0,1
0.0,739.0,0.04370984088791356,-1.1907999619337788,0.2,0.01,0.001,2700.0,10000000000.0,0.01,1.0,0.0,10.0,10.0,1
0.0,740.0,0.04302769713266262,-1.1775042738246286,0.2,0.01,0.001,2700.0,10000000000.0,0.01,1.0,0.0,10.0,10.0,1
0.0,741.0,0.042375481611248884,-1.1644230623191858,0.2,0.01,0.001,2700.0,10000000000.0,0.01,1.0,0.0,10.0,10.0,1
0.0,742.0,0.04175185965597469,-1.151547665739462,0.2,0.01,0.001,2700.0,10000000000.0,0.01,1.0,0.0,10.0,10.0,1
0.0,743.0,0.04115557909482691,-1.1388698108512327,0.2,0.01,0.001,2700.0,10000000000.0,0.01,1.0,0.0,10.0,10.0,1
0.0,744.0,0.040585464517257336,-1.1263815893711004,0.2,0.01,0.001,2700.0,10000000000.0,0.01,1.0,0.0,10.0,10.0,1
0.0,745.0,0.04004041201101228,-1.1140754360909355,0.2,0.01,0.001,2700.0,10000000000.0,0.01,1.0,0.0,10.0,10.0,1
0.0,746.0,0.03951938432685233,-1.1019441084893642,0.2,0.01,0.001,2700.0,10000000000.0,0.01,1.0,0.0,10.0,10.0,1
0.0,747.0,0.03902140643239866,-1.0899806677107131,0.2,0.01,0.001,2700.0,10000000000.0,0.01,1.0,0.0,10.0,10.0,1
0.0,748.0,0.03854556142031108,-1.0781784608036906,0.2,0.01,0.001,2700.0,10000000000.0,0.01,1.0,0.0,10.0,10.0,1
0.0,749.0,0.03809098673945049,-1.0665311041207042,0.2,0.01,0.001,2700.0,10000000000.0,0.01,1.0,0.0,10.0,10.0,1
0.0,750.0,0.0376568707208261,-1.055032467787688,0.2,0.01,0.001,2700.0,10000000000.0,0.01,1.0,0.0,10.0,10.0,1
0.0,751.0,0.03724244937287473,-1.0436766611622852,0.2,0.01,0.001,2700.0,10000000000.0,0.01,1.0,0.0,10.0,10.0,1
0.0,752.0,0.036847003423103264,-1.0324580192047463,0.2,0.01,0.001,2700.0,10000000000.0,0.01,1.0,0.0,10.0,10.0,1
0.0,753.0,0.03646985558533473,-1.021371089692832,0.2,0.01,0.001,2700.0,10000000000.0,0.01,1.0,0.0,10.0,10.0,1
0.0,754.0,0.03611036803378349,-1.0104106212172503,0.2,0.01,0.001,2700.0,10000000000.0,0.01,1.0,0.0,10.0,10.0,1
0.0,755.0,0.035767940066948625,-0.9995715518998206,0.2,0.01,0.001,2700.0,10000000000.0,0.01,1.0,0.0,10.0,10.0,1
0.0,756.0,0.035442005945915185,-0.9888489987808127,0.2,0.01,0.001,2700.0,10000000000.0,0.01,1.0,0.0,10.0,10.0,1
0.0,757.0,0.03513203289308261,-0.9782382478266936,0.2,0.01,0.001,2700.0,10000000000.0,0.01,1.0,0.0,10.0,10.0,1
0.0,758.0,0.03483751923861957,-0.96773474451298,0.2,0.01,0.001,2700.0,10000000000.0,0.01,1.0,0.0,10.0,10.0,1
0.0,759.0,0.03455799270311264,-0.9573340849407126,0.2,0.01,0.001,2700.0,10000000000.0,0.01,1.0,0.0,10.0,10.0,1
0.0,760.0,0.0342930088059123,-0.9470320074482401,0.2,0.01,0.001,2700.0,10000000000.0,0.01,1.0,0.0,10.0,10.0,1
0.0,761.0,0.03404214938963018,-0.9368243846827401,0.2,0.01,0.001,2700.0,10000000000.0,0.01,1.0,0.0,10.0,10.0,1
0.0,762.0,0.03380502125209081,-0.9267072160989918,0.2,0.01,0.001,2700.0,10000000000.0,0.01,1.0,0.0,10.0,10.0,1
0.0,763.0,0.03358125487781061,-0.9166766208548451,0.2,0.01,0.001,2700.0,10000000000.0,0.01,1.0,0.0,10.0,10.0,1
0.0,764.0,0.03337050326178835,-0.9067288310756374,0.2,0.01,0.001,2700.0,10000000000.0,0.01,1.0,0.0,10.0,10.0,1
0.0,765.0,0.033172440819006645,-0.8968601854612149,0.2,0.01,0.001,2700.0,10000000000.0,0.01,1.0,0.0,10.0,10.0,1
0.0,766.0,0.032986762373637894,-0.8870671232116367,0.2,0.01,0.001,2700.0,10000000000.0,0.01,1.0,0.0,10.0,10.0,1
0.0,767.0,0.032813182222467215,-0.8773461782490393,0.2,0.01,0.001,2700.0,10000000000.0,0.01,1.0,0.0,10.0,10.0,1
0.0,768.0,0.032651433267519674,-0.867693973714712,0.2,0.01,0.001,2700.0,10000000000.0,0.01,1.0,0.0,10.0,10.0,1
0.0,769.0,0.03250126621331976,-0.8581072167220092,0.2,0.01,0.001,2700.0,10000000000.0,0.01,1.0,0.0,10.0,10.0,1
0.0,770.0,0.03236244882460354,-0.8485826933467311,0.2,0.01,0.001,2700.0,10000000000.0,0.01,1.0,0.0,10.0,10.0,1
0.0,771.0,0.032234765240684776,-0.8391172638383099,0.2,0.01,0.001,2700.0,10000000000.0,0.01,1.0,0.0,10.0,10.0,1
0.0,772.0,0.03211801534298307,-0.8297078580356156,0.2,0.01,0.001,2700.0,10000000000.0,0.01,1.0,0.0,10.0,10.0,1
0.0,773.0,0.03201201417255719,-0.8203514709725904,0.2,0.01,0.001,2700.0,10000000000.0,0.01,1.0,0.0,10.0,10.0,1
0.0,774.0,0.03191659139475137,-0.8110451586598105,0.2,0.01,0.001,2700.0,10000000000.0,0.01,1.0,0.0,10.0,10.0,1
0.0,775.0,0.031831590808332776,-0.8017860340287982,0.2,0.01,0.001,2700.0,10000000000.0,0.01,1.0,0.0,10.0,10.0,1
0.0,776.0,0.031756869896727505,-0.7925712630265195,0.2,0.01,0.001,2700.0,10000000000.0,0.01,1.0,0.0,10.0,10.0,1
0.0,777.0,0.031692299419202506,-0.7833980608487978,0.2,0.01,0.001,2700.0,10000000000.0,0.01,1.0,0.0,10.0,10.0,1
0.0,778.0,0.031637763040026856,-0.7742636883010696,0.2,0.01,0.001,2700.0,10000000000.0,0.01,1.0,0.0,10.0,10.0,1
0.0,779.0,0.03159315699385997,-0.7651654482765105,0.2,0.01,0.001,2700.0,10000000000.0,0.01,1.0,0.0,10.0,10.0,1
0.0,780.0,0.03155838978577662,-0.7561006823412681,0.2,0.01,0.001,2700.0,10000000000.0,0.01,1.0,0.0,10.0,10.0,1
0.0,781.0,0.031533381924516116,-0.7470667674174416,0.2,0.01,0.001,2700.0,10000000000.0,0.01,1.0,0.0,10.0,10.0,1
0.0,782.0,0.031518065687700915,-0.7380611125547404,0.2,0.01,0.001,2700.0,10000000000.0,0.01,1.0,0.0,10.0,10.0,1
0.0,783.0,0.03151238491791649,-0.7290811557822913,0.2,0.01,0.001,2700.0,10000000000.0,0.01,1.0,0.0,10.0,10.0,1
0.0,784.0,0.03151629484869271,-0.7201243610320592,0.2,0.01,0.001,2700.0,10000000000.0,0.01,1.0,0.0,10.0,10.0,1
0.0,785.0,0.031529761959549124,-0.7111882151261627,0.2,0.01,0.001,2700.0,10000000000.0,0.01,1.0,0.0,10.0,10.0,1
0.0,786.0,0.03155276385941413,-0.7022702248201176,0.2,0.01,0.001,2700.0,10000000000.0,0.01,1.0,0.0,10.0,10.0,1
0.0,787.0,0.03158528919783484,-0.693367913894686,0.2,0.01,0.001,2700.0,10000000000.0,0.01,1.0,0.0,10.0,10.0,1
0.0,788.0,0.031627337603524895,-0.6844788202889979,0.2,0.01,0.001,2700.0,10000000000.0,0.01,1.0,0.0,10.0,10.0,1
0.0,789.0,0.03167891964991652,-0.6756004932677823,0.2,0.01,0.001,2700.0,10000000000.0,0.01,1.0,0.0,10.0,10.0,1
0.0,790.0,0.03174005684748337,-0.6667304906158762,0.2,0.01,0.001,2700.0,10000000000.0,0.01,1.0,0.0,10.0,10.0,1
0.0,791.0,0.03181078166273423,-0.6578663758530903,0.2,0.01,0.001,2700.0,10000000000.0,0.01,1.0,0.0,10.0,10.0,1
0.0,792.0,0.0318911375638696,-0.6490057154625859,0.2,0.01,0.001,2700.0,10000000000.0,0.01,1.0,0.0,10.0,10.0,1
0.0,793.0,0.03198117909321897,-0.6401460761262218,0.2,0.01,0.001,2700.0,10000000000.0,0.01,1.0,0.0,10.0,10.0,1
0.0,794.0,0.03208097196668113,-0.6312850219600847,0.2,0.01,0.001,2700.0,10000000000.0,0.01,1.0,0.0,10.0,10.0,1
0.0,795.0,0.03219059320050086,-0.6224201117436469,0.2,0.01,0.001,2700.0,10000000000.0,0.01,1.0,0.0,10.0,10.0,1
0.0,796.0,0.03231013126584169,-0.6135488961355509,0.2,0.01,0.001,2700.0,10000000000.0,0.01,1.0,0.0,10.0,10.0,1
0.0,797.0,0.03243968627171396,-0.604668914869767,0.2,0.01,0.001,2700.0,10000000000.0,0.01,1.0,0.0,10.0,10.0,1
0.0,798.0,0.032579370176957965,-0.5957776939247788,0.2,0.01,0.001,2700.0,10000000000.0,0.01,1.0,0.0,10.0,10.0,1
0.0,799.0,0.03272930703208483,-0.5868727426591782,0.2,0.01,0.001,2700.0,10000000000.0,0.01,1.0,0.0,10.0,10.0,1
0.0,800.0,0.032889633251929416,-0.5779515509065326,0.2,0.01,0.001,2700.0,10000000000.0,0.01,1.0,0.0,10.0,10.0,1
0.0,801.0,0.03306049792019076,-0.5690115860220808,0.2,0.01,0.001,2700.0,10000000000.0,0.01,1.0,0.0,10.0,10.0,1
0.0,802.0,0.03324206312707543,-0.5600502898741578,0.2,0.01,0.001,2700.0,10000000000.0,0.01,1.0,0.0,10.0,10.0,1
0.0,803.0,0.033434504341427314,-0.5510650757722494,0.2,0.01,0.001,2700.0,10000000000.0,0.01,1.0,0.0,10.0,10.0,1
0.0,804.0,0.03363801081886197,-0.542053325324054,0.2,0.01,0.001,2700.0,10000000000.0,0.01,1.0,0.0,10.0,10.0,1
0.0,805.0,0.03385278604760858,-0.5330123852131674,0.2,0.01,0.001,2700.0,10000000000.0,0.01,1.0,0.0,10.0,10.0,1
0.0,806.0,0.034079048233938196,-0.523939563888718,0.2,0.01,0.001,2700.0,10000000000.0,0.01,1.0,0.0,10.0,10.0,1
0.0,807.0,0.03431703082924399,-0.5148321281581425,0.2,0.01,0.001,2700.0,10000000000.0,0.01,1.0,0.0,10.0,10.0,1
0.0,808.0,0.034566983101048415,-0.5056872996736214,0.2,0.01,0.001,2700.0,10000000000.0,0.01,1.0,0.0,10.0,10.0,1
0.0,809.0,0.03482917075043699,-0.4965022513021801,0.2,0.01,0.001,2700.0,10000000000.0,0.01,1.0,0.0,10.0,10.0,1
0.0,810.0,0.03510387657864602,-0.4872741033693473,0.2,0.01,0.001,2700.0,10000000000.0,0.01,1.0,0.0,10.0,10.0,1
0.0,811.0,0.035391401205801344,-0.4779999197651535,0.2,0.01,0.001,2700.0,10000000000.0,0.01,1.0,0.0,10.0,10.0,1
0.0,812.0,0.035692063845069316,-0.4686767039011412,0.2,0.01,0.001,2700.0,10000000000.0,0.01,1.0,0.0,10.0,10.0,1
0.0,813.0,0.03600620313579737,-0.4593013945057794,0.2,0.01,0.001,2700.0,10000000000.0,0.01,1.0,0.0,10.0,10.0,1
0.0,814.0,0.03633417803953639,-0.4498708612457425,0.2,0.01,0.001,2700.0,10000000000.0,0.01,1.0,0.0,10.0,10.0,1
0.0,815.0,0.036676368803199716,-0.44038190015876255,0.2,0.01,0.001,2700.0,10000000000.0,0.01,1.0,0.0,10.0,10.0,1
0.0,816.0,0.03703317799399863,-0.43083122888369363,0.2,0.01,0.001,2700.0,10000000000.0,0.01,1.0,0.0,10.0,10.0,1
0.0,817.0,0.03740503161122128,-0.42121548167176753,0.2,0.01,0.001,2700.0,10000000000.0,0.01,1.0,0.0,10.0,10.0,1
0.0,818.0,0.03779238028037561,-0.4115312041626066,0.2,0.01,0.001,2700.0,10000000000.0,0.01,1.0,0.0,10.0,10.0,1
0.0,819.0,0.03819570053573074,-0.40177484790672746,0.2,0.01,0.001,2700.0,10000000000.0,0.01,1.0,0.0,10.0,10.0,1
0.0,820.0,0.03861549619784313,-0.39194276461557,0.2,0.01,0.001,2700.0,10000000000.0,0.01,1.0,0.0,10.0,10.0,1
0.0,821.0,0.03905229985325875,-0.38203120011817565,0.2,0.01,0.001,2700.0,10000000000.0,0.01,1.0,0.0,10.0,10.0,1
0.0,822.0,0.039506674444240344,-0.3720362880027795,0.2,0.01,0.001,2700.0,10000000000.0,0.01,1.0,0.0,10.0,10.0,1
0.0,823.0,0.03997921497712974,-0.3619540429189849,0.2,0.01,0.001,2700.0,10000000000.0,0.01,1.0,0.0,10.0,10.0,1
0.0,824.0,0.0404705503587216,-0.35178035351545983,0.2,0.01,0.001,2700.0,10000000000.0,0.01,1.0,0.0,10.0,10.0,1
0.0,825.0,0.04098134537095004,-0.341510974985085,0.2,0.01,0.001,2700.0,10000000000.0,0.01,1.0,0.0,10.0,10.0,1
0.0,826.0,0.04151230279514354,-0.33114152118802453,0.2,0.01,0.001,2700.0,10000000000.0,0.01,1.0,0.0,10.0,10.0,1
0.0,827.0,0.04206416569819994,-0.32066745632055177,0.2,0.01,0.001,2700.0,10000000000.0,0.01,1.0,0.0,10.0,10.0,1
0.0,828.0,0.04263771989422101,-0.3100840860947533,0.2,0.01,0.001,2700.0,10000000000.0,0.01,1.0,0.0,10.0,10.0,1
0.0,829.0,0.04323379659647957,-0.29938654839145945,0.2,0.01,0.001,2700.0,10000000000.0,0.01,1.0,0.0,10.0,10.0,1
0.0,830.0,0.04385327527604147,-0.28856980334584487,0.2,0.01,0.001,2700.0,10000000000.0,0.01,1.0,0.0,10.0,10.0,1
0.0,831.0,0.044497086745015874,-0.2776286228211686,0.2,0.01,0.001,2700.0,10000000000.0,0.01,1.0,0.0,10.0,10.0,1
0.0,832.0,0.04516621648418895,-0.2665575792229234,0.2,0.01,0.001,2700.0,10000000000.0,0.01,1.0,0.0,10.0,10.0,1
0.0,833.0,0.045861708236825414,-0.25535103360103595,0.2,0.01,0.001,2700.0,10000000000.0,0.01,1.0,0.0,10.0,10.0,1
0.0,834.0,0.046584667892640624,-0.24400312298353097,0.2,0.01,0.001,2700.0,10000000000.0,0.01,1.0,0.0,10.0,10.0,1
0.0,835.0,0.0473362676884575,-0.23250774687974524,0.2,0.01,0.001,2700.0,10000000000.0,0.01,1.0,0.0,10.0,10.0,1
0.0,836.0,0.048117750754817605,-0.22085855288590622,0.2,0.01,0.001,2700.0,10000000000.0,0.01,1.0,0.0,10.0,10.0,1
0.0,837.0,0.04893043604095619,-0.2090489213193315,0.2,0.01,0.001,2700.0,10000000000.0,0.01,1.0,0.0,10.0,10.0,1
0.0,838.0,0.04977572365399134,-0.1970719488013089,0.2,0.01,0.001,2700.0,10000000000.0,0.01,1.0,0.0,10.0,10.0,1
0.0,839.0,0.05065510065209212,-0.1849204307007064,0.2,0.01,0.001,2700.0,10000000000.0,0.01,1.0,0.0,10.0,10.0,1
0.0,840.0,0.05157014733574861,-0.17258684234232152,0.2,0.01,0.001,2700.0,10000000000.0,0.01,1.0,0.0,10.0,10.0,1
0.0,841.0,0.052522544086177146,-0.16006331887475625,0.2,0.01,0.001,2700.0,10000000000.0,0.01,1.0,0.0,10.0,10.0,1
0.0,842.0,0.053514078805391004,-0.14734163368235742,0.2,0.01,0.001,2700.0,10000000000.0,0.01,1.0,0.0,10.0,10.0,1
0.0,843.0,0.05454665501869258,-0.13441317521456678,0.2,0.01,0.001,2700.0,10000000000.0,0.01,1.0,0.0,10.0,10.0,1
0.0,844.0,0.05562230070734584,-0.12126892209315505,0.2,0.01,0.001,2700.0,10000000000.0,0.01,1.0,0.0,10.0,10.0,1
0.0,845.0,0.05674317794706886,-0.10789941634436336,0.2,0.01,0.001,2700.0,10000000000.0,0.01,1.0,0.0,10.0,10.0,1
0.0,846.0,0.05791159343697525,-0.09429473458660072,0.2,0.01,0.001,2700.0,10000000000.0,0.01,1.0,0.0,10.0,10.0,1
0.0,847.0,0.05913001001369468,-0.08044445698757534,0.2,0.01,0.001,2700.0,10000000000.0,0.01,1.0,0.0,10.0,10.0,1
0.0,848.0,0.06040105925688973,-0.06633763378512865,0.2,0.01,0.001,2700.0,10000000000.0,0.01,1.0,0.0,10.0,10.0,1
0.0,849.0,0.06172755530550844,-0.05196274914377619,0.2,0.01,0.001,2700.0,10000000000.0,0.01,1.0,0.0,10.0,10.0,1
0.0,850.0,0.0631125100188845,-0.037307682095637,0.2,0.01,0.001,2700.0,10000000000.0,0.01,1.0,0.0,10.0,10.0,1
0.0,851.0,0.06455914963386988,-0.022359664285699705,0.2,0.01,0.001,2700.0,10000000000.0,0.01,1.0,0.0,10.0,10.0,1
0.0,852.0,0.0660709330884409,-0.007105234211968883,0.2,0.01,0.001,2700.0,10000000000.0,0.01,1.0,0.0,10.0,10.0,1
0.0,853.0,0.06765157220444712,0.008469812384440462,0.2,0.01,0.001,2700.0,10000000000.0,0.01,1.0,0.0,10.0,10.0,1
0.0,854.0,0.06930505394752036,0.024380476362562492,0.2,0.01,0.001,2700.0,10000000000.0,0.01,1.0,0.0,10.0,10.0,1
0.0,855.0,0.07103566501137772,0.04064261368592711,0.2,0.01,0.001,2700.0,10000000000.0,0.01,1.0,0.0,10.0,10.0,1
0.0,856.0,0.07284801900723425,0.05727299906468826,0.2,0.01,0.001,2700.0,10000000000.0,0.01,1.0,0.0,10.0,10.0,1
0.0,857.0,0.07474708657779046,0.07428939526911196,0.2,0.01,0.001,2700.0,10000000000.0,0.01,1.0,0.0,10.0,10.0,1
0.0,858.0,0.0767382287998843,0.09171062871090399,0.2,0.01,0.001,2700.0,10000000000.0,0.01,1.0,0.0,10.0,10.0,1
0.0,859.0,0.078827234291674,0.10955667196188378,0.2,0.01,0.001,2700.0,10000000000.0,0.01,1.0,0.0,10.0,10.0,1
0.0,860.0,0.08102036050014871,0.12784873396087587,0.2,0.01,0.001,2700.0,10000000000.0,0.01,1.0,0.0,10.0,10.0,1
0.0,861.0,0.08332437971459758,0.14660935875418304,0.2,0.01,0.001,2700.0,10000000000.0,0.01,1.0,0.0,10.0,10.0,1
0.0,862.0,0.08574663043282978,0.16586253372071363,0.2,0.01,0.001,2700.0,10000000000.0,0.01,1.0,0.0,10.0,10.0,1
0.0,863.0,0.08829507480198365,0.18563380835615031,0.2,0.01,0.001,2700.0,10000000000.0,0.01,1.0,0.0,10.0,10.0,1
0.0,864.0,0.09097836296676487,0.20595042482926892,0.2,0.01,0.001,2700.0,10000000000.0,0.01,1.0,0.0,10.0,10.0,1
0.0,865.0,0.09380590528845964,0.2268414616848064,0.2,0.01,0.001,2700.0,10000000000.0,0.01,1.0,0.0,10.0,10.0,1
0.0,866.0,0.0967879535514712,0.2483379922511945,0.2,0.01,0.001,2700.0,10000000000.0,0.01,1.0,0.0,10.0,10.0,1
0.0,867.0,0.09993569245511427,0.27047325952389883,0.2,0.01,0.001,2700.0,10000000000.0,0.01,1.0,0.0,10.0,10.0,1
0.0,868.0,0.10326134290261178,0.293282869540635,0.2,0.01,0.001,2700.0,10000000000.0,0.01,1.0,0.0,10.0,10.0,1
0.0,869.0,0.1067782788531227,0.31680500554757013,0.2,0.01,0.001,2700.0,10000000000.0,0.01,1.0,0.0,10.0,10.0,1
0.0,870.0,0.11050115980492389,0.34108066558491945,0.2,0.01,0.001,2700.0,10000000000.0,0.01,1.0,0.0,10.0,10.0,1
0.0,871.0,0.11444608133826191,0.36615392650070644,0.2,0.01,0.001,2700.0,10000000000.0,0.01,1.0,0.0,10.0,10.0,1
0.0,872.0,0.11863074657802684,0.39207223784615136,0.2,0.01,0.001,2700.0,10000000000.0,0.01,1.0,0.0,10.0,10.0,1
0.0,873.0,0.12307466195451454,0.41888674962329464,0.2,0.01,0.001,2700.0,10000000000.0,0.01,1.0,0.0,10.0,10.0,1
0.0,874.0,0.12779936126467925,0.4466526784601499,0.2,0.01,0.001,2700.0,10000000000.0,0.01,1.0,0.0,10.0,10.0,1
0.0,875.0,0.1328286627908241,0.4754297174970703,0.2,0.01,0.001,2700.0,10000000000.0,0.01,1.0,0.0,10.0,10.0,1
0.0,876.0,0.13818896514910228,0.505282496100156,0.2,0.01,0.001,2700.0,10000000000.0,0.01,1.0,0.0,10.0,10.0,1
0.0,877.0,0.14390958865440534,0.5362810964943361,0.2,0.01,0.001,2700.0,10000000000.0,0.01,1.0,0.0,10.0,10.0,1
0.0,878.0,0.15002317035051985,0.5685016355634074,0.2,0.01,0.001,2700.0,10000000000.0,0.01,1.0,0.0,10.0,10.0,1
0.0,879.0,0.15656612252553512,0.6020269214257342,0.2,0.01,0.001,2700.0,10000000000.0,0.01,1.0,0.0,10.0,10.0,1
0.0,880.0,0.16357916659184207,0.6369471960092051,0.2,0.01,0.001,2700.0,10000000000.0,0.01,1.0,0.0,10.0,10.0,1
0.0,881.0,0.17110795675742307,0.6733609767610879,0.2,0.01,0.001,2700.0,10000000000.0,0.01,1.0,0.0,10.0,10.0,1
0.0,882.0,0.17920381108208228,0.7113760129075717,0.2,0.01,0.001,2700.0,10000000000.0,0.01,1.0,0.0,10.0,10.0,1
0.0,883.0,0.1879245714649973,0.7511103743863015,0.2,0.01,0.001,2700.0,10000000000.0,0.01,1.0,0.0,10.0,10.0,1
0.0,884.0,0.19733561906930663,0.7926936948099288,0.2,0.01,0.001,2700.0,10000000000.0,0.01,1.0,0.0,10.0,10.0,1
0.0,885.0,0.20751107794198267,0.8362685936841413,0.2,0.01,0.001,2700.0,10000000000.0,0.01,1.0,0.0,10.0,10.0,1
0.0,886.0,0.21853524750987988,0.8819923077220243,0.2,0.01,0.001,2700.0,10000000000.0,0.01,1.0,0.0,10.0,10.0,1
0.0,887.0,0.23050431472832225,0.9300385666288921,0.2,0.01,0.001,2700.0,10000000000.0,0.01,1.0,0.0,10.0,10.0,1
0.0,888.0,0.24352840959208388,0.9805997553449975,0.2,0.01,0.001,2700.0,10000000000.0,0.01,1.0,0.0,10.0,10.0,1
0.0,889.0,0.2577340843876414,1.0338894126428022,0.2,0.01,0.001,2700.0,10000000000.0,0.01,1.0,0.0,10.0,10.0,1
0.0,890.0,0.27326731867802445,1.0901451254056496,0.2,0.01,0.001,2700.0,10000000000.0,0.01,1.0,0.0,10.0,10.0,1
0.0,891.0,0.2902971802131808,1.1496318891196697,0.2,0.01,0.001,2700.0,10000000000.0,0.01,1.0,0.0,10.0,10.0,1
0.0,892.0,0.3090203089988072,1.2126460183287306,0.2,0.01,0.001,2700.0,10000000000.0,0.01,1.0,0.0,10.0,10.0,1
0.0,893.0,0.32966644074537044,1.2795197062520205,0.2,0.01,0.001,2700.0,10000000000.0,0.01,1.0,0.0,10.0,10.0,1
0.0,894.0,0.3525052511685287,1.3506263505126186,0.2,0.01,0.001,2700.0,10000000000.0,0.01,1.0,0.0,10.0,10.0,1
0.0,895.0,0.3778548901713345,1.426386781805345,0.2,0.01,0.001,2700.0,10000000000.0,0.01,1.0,0.0,10.0,10.0,1
0.0,896.0,0.4060926933409051,1.5072765536419077,0.2,0.01,0.001,2700.0,10000000000.0,0.01,1.0,0.0,10.0,10.0,1
0.0,897.0,0.4376687195773726,1.5938344723612792,0.2,0.01,0.001,2700.0,10000000000.0,0.01,1.0,0.0,10.0,10.0,1
0.0,898.0,0.4731229854550748,1.6866725639045643,0.2,0.01,0.001,2700.0,10000000000.0,0.01,1.0,0.0,10.0,10.0,1
0.0,899.0,0.5131075742622937,1.7864876806862953,0.2,0.01,0.001,2700.0,10000000000.0,0.01,1.0,0.0,10.0,10.0,1
0.0,900.0,0.5584152272293545,1.894074935672725,0.2,0.01,0.001,2700.0,10000000000.0,0.01,1.0,0.0,10.0,10.0,1
0.0,901.0,0.6100166299812686,2.010343088461799,0.2,0.01,0.001,2700.0,10000000000.0,0.01,1.0,0.0,10.0,10.0,1
0.0,902.0,0.6691094680302322,2.1363318579511326,0.2,0.01,0.001,2700.0,10000000000.0,0.01,1.0,0.0,10.0,10.0,1
0.0,903.0,0.7371835585964087,2.273230822380124,0.2,0.01,0.001,2700.0,10000000000.0,0.01,1.0,0.0,10.0,10.0,1
0.0,904.0,0.816108146400782,2.4223989528496457,0.2,0.01,0.001,2700.0,10000000000.0,0.01,1.0,0.0,10.0,10.0,1
0.0,905.0,0.9082500357491115,2.5853826606124306,0.2,0.01,0.001,2700.0,10000000000.0,0.01,1.0,0.0,10.0,10.0,1
0.0,906.0,1.0166349961107537,2.7639280619602347,0.2,0.01,0.001,2700.0,10000000000.0,0.01,1.0,0.0,10.0,10.0,1
0.0,907.0,1.145170357177821,2.9599791262210333,0.2,0.01,0.001,2700.0,10000000000.0,0.01,1.0,0.0,10.0,10.0,1
0.0,908.0,1.2989546145184347,3.175645881004926,0.2,0.01,0.001,2700.0,10000000000.0,0.01,1.0,0.0,10.0,10.0,1
0.0,909.0,1.4847110158600387,3.4131129036732997,0.2,0.01,0.001,2700.0,10000000000.0,0.01,1.0,0.0,10.0,10.0,1
0.0,910.0,1.711397018045412,3.674432236397881,0.2,0.01,0.001,2700.0,10000000000.0,0.01,1.0,0.0,10.0,10.0,1
0.0,911.0,1.9910590731474198,3.961095819802356,0.2,0.01,0.001,2700.0,10000000000.0,0.01,1.0,0.0,10.0,10.0,1
0.0,912.0,2.340015563461292,4.273190276665791,0.2,0.01,0.001,2700.0,10000000000.0,0.01,1.0,0.0,10.0,10.0,1
0.0,913.0,2.7804357807154902,4.607764735857116,0.2,0.01,0.001,2700.0,10000000000.0,0.01,1.0,0.0,10.0,10.0,1
0.0,914.0,3.342267531933179,4.955730281858866,0.2,0.01,0.001,2700.0,10000000000.0,0.01,1.0,0.0,10.0,10.0,1
0.0,915.0,4.065052593693833,5.296085294520773,0.2,0.01,0.001,2700.0,10000000000.0,0.01,1.0,0.0,10.0,10.0,1
0.0,916.0,4.997962799532269,5.585552042756333,0.2,0.01,0.001,2700.0,10000000000.0,0.01,1.0,0.0,10.0,10.0,1
0.0,917.0,6.19333645251345,5.741448263531855,0.2,0.01,0.001,2700.0,10000000000.0,0.01,1.0,0.0,10.0,10.0,1
0.0,918.0,7.682714208410448,5.618682402435078,0.2,0.01,0.001,2700.0,10000000000.0,0.01,1.0,0.0,10.0,10.0,1
0.0,919.0,9.41708601742468,4.996487122415318,0.2,0.01,0.001,2700.0,10000000000.0,0.01,1.0,0.0,10.0,10.0,1
0.0,920.0,11.166107300579977,3.627243877050875,0.2,0.01,0.001,2700.0,10000000000.0,0.01,1.0,0.0,10.0,10.0,1
0.0,921.0,12.458024103432532,1.423260757199392,0.2,0.01,0.001,2700.0,10000000000.0,0.01,1.0,0.0,10.0,10.0,1
0.0,922.0,12.766125385930398,-1.2908881410714719,0.2,0.01,0.001,2700.0,10000000000.0,0.01,1.0,0.0,10.0,10.0,1
0.0,923.0,11.940901863750033,-3.8346832801362454,0.2,0.01,0.001,2700.0,10000000000.0,0.01,1.0,0.0,10.0,10.0,1
0.0,924.0,10.361873172910359,-5.654564629923613,0.2,0.01,0.001,2700.0,10000000000.0,0.01,1.0,0.0,10.0,10.0,1
0.0,925.0,8.575406946338617,-6.643535289068261,0.2,0.01,0.001,2700.0,10000000000.0,0.01,1.0,0.0,10.0,10.0,1
0.0,926.0,6.941940238232516,-6.997890180388815,0.2,0.01,0.001,2700.0,10000000000.0,0.01,1.0,0.0,10.0,10.0,1
0.0,927.0,5.592395871239567,-6.965978903991762,0.2,0.01,0.001,2700.0,10000000000.0,0.01,1.0,0.0,10.0,10.0,1
0.0,928.0,4.527249534404017,-6.733261785814147,0.2,0.01,0.001,2700.0,10000000000.0,0.01,1.0,0.0,10.0,10.0,1
0.0,929.0,3.7003411839935048,-6.412385775875445,0.2,0.01,0.001,2700.0,10000000000.0,0.01,1.0,0.0,10.0,10.0,1
0.0,930.0,3.059270905812751,-6.064782831683506,0.2,0.01,0.001,2700.0,10000000000.0,0.01,1.0,0.0,10.0,10.0,1
0.0,931.0,2.5591794051063372,-5.721518234707384,0.2,0.01,0.001,2700.0,10000000000.0,0.01,1.0,0.0,10.0,10.0,1
0.0,932.0,2.165238047377335,-5.397002110662439,0.2,0.01,0.001,2700.0,10000000000.0,0.01,1.0,0.0,10.0,10.0,1
0.0,933.0,1.8514301828016426,-5.096900483201287,0.2,0.01,0.001,2700.0,10000000000.0,0.01,1.0,0.0,10.0,10.0,1
0.0,934.0,1.5985762941280353,-4.82245204424905,0.2,0.01,0.001,2700.0,10000000000.0,0.01,1.0,0.0,10.0,10.0,1
0.0,935.0,1.3925498965911123,-4.572761745378365,0.2,0.01,0.001,2700.0,10000000000.0,0.01,1.0,0.0,10.0,10.0,1
0.0,936.0,1.2228907848720991,-4.345999117256638,0.2,0.01,0.001,2700.0,10000000000.0,0.01,1.0,0.0,10.0,10.0,1
0.0,937.0,1.081787825384645,-4.140012920890552,0.2,0.01,0.001,2700.0,10000000000.0,0.01,1.0,0.0,10.0,10.0,1
0.0,938.0,0.9633499526731839,-3.9526368551422166,0.2,0.01,0.001,2700.0,10000000000.0,0.01,1.0,0.0,10.0,10.0,1
0.0,939.0,0.8630874442680191,-3.781832623253872,0.2,0.01,0.001,2700.0,10000000000.0,0.01,1.0,0.0,10.0,10.0,1
0.0,940.0,0.7775424348105302,-3.6257482132846923,0.2,0.01,0.001,2700.0,10000000000.0,0.01,1.0,0.0,10.0,10.0,1
0.0,941.0,0.704024300971243,-3.482732875319983,0.2,0.01,0.001,2700.0,10000000000.0,0.01,1.0,0.0,10.0,10.0,1
0.0,942.0,0.640418673168464,-3.351330890067193,0.2,0.01,0.001,2700.0,10000000000.0,0.01,1.0,0.0,10.0,10.0,1
0.0,943.0,0.5850483455785908,-3.230265835139832,0.2,0.01,0.001,2700.0,10000000000.0,0.01,1.0,0.0,10.0,10.0,1
0.0,944.0,0.5365710142811758,-3.1184214637628727,0.2,0.01,0.001,2700.0,10000000000.0,0.01,1.0,0.0,10.0,10.0,1
0.0,945.0,0.4939033637075666,-3.0148222949705255,0.2,0.01,0.001,2700.0,10000000000.0,0.01,1.0,0.0,10.0,10.0,1
0.0,946.0,0.4561641723095163,-2.9186153922907954,0.2,0.01,0.001,2700.0,10000000000.0,0.01,1.0,0.0,10.0,10.0,1
0.0,947.0,0.42263127396677835,-2.829053944217927,0.2,0.01,0.001,2700.0,10000000000.0,0.01,1.0,0.0,10.0,10.0,1
0.0,948.0,0.39270870710231265,-2.745482810074141,0.2,0.01,0.001,2700.0,10000000000.0,0.01,1.0,0.0,10.0,10.0,1
0.0,949.0,0.36590142296822925,-2.667325970916733,0.2,0.01,0.001,2700.0,10000000000.0,0.01,1.0,0.0,10.0,10.0,1
0.0,950.0,0.34179565267993584,-2.5940757234006098,0.2,0.01,0.001,2700.0,10000000000.0,0.01,1.0,0.0,10.0,10.0,1
0.0,951.0,0.3200435468036573,-2.5252834177988337,0.2,0.01,0.001,2700.0,10000000000.0,0.01,1.0,0.0,10.0,10.0,1
0.0,952.0,0.30035106757153707,-2.4605515381541685,0.2,0.01,0.001,2700.0,10000000000.0,0.01,1.0,0.0,10.0,10.0,1
0.0,953.0,0.282468376919279,-2.3995269354566715,0.2,0.01,0.001,2700.0,10000000000.0,0.01,1.0,0.0,10.0,10.0,1
0.0,954.0,0.2661821541665346,-2.3418950444143043,0.2,0.01,0.001,2700.0,10000000000.0,0.01,1.0,0.0,10.0,10.0,1
0.0,955.0,0.2513094164184658,-2.2873749358615423,0.2,0.01,0.001,2700.0,10000000000.0,0.01,1.0,0.0,10.0,10.0,1
0.0,956.0,0.23769251731931323,-2.235715077613196,0.2,0.01,0.001,2700.0,10000000000.0,0.01,1.0,0.0,10.0,10.0,1
0.0,957.0,0.22519507590880955,-2.1866896954965402,0.2,0.01,0.001,2700.0,10000000000.0,0.01,1.0,0.0,10.0,10.0,1
0.0,958.0,0.21369864425719332,-2.1400956429544866,0.2,0.01,0.001,2700.0,10000000000.0,0.01,1.0,0.0,10.0,10.0,1
0.0,959.0,0.20309996543843506,-2.0957497019864637,0.2,0.01,0.001,2700.0,10000000000.0,0.01,1.0,0.0,10.0,10.0,1
0.0,960.0,0.19330870593388655,-2.0534862504327265,0.2,0.01,0.001,2700.0,10000000000.0,0.01,1.0,0.0,10.0,10.0,1
0.0,961.0,0.1842455714048678,-2.0131552409402538,0.2,0.01,0.001,2700.0,10000000000.0,0.01,1.0,0.0,10.0,10.0,1
0.0,962.0,0.1758407338721082,-1.974620445628819,0.2,0.01,0.001,2700.0,10000000000.0,0.01,1.0,0.0,10.0,10.0,1
0.0,963.0,0.16803251311335868,-1.9377579277450678,0.2,0.01,0.001,2700.0,10000000000.0,0.01,1.0,0.0,10.0,10.0,1
0.0,964.0,0.1607662665860469,-1.902454707672136,0.2,0.01,0.001,2700.0,10000000000.0,0.01,1.0,0.0,10.0,10.0,1
0.0,965.0,0.15399345117733093,-1.868607595738898,0.2,0.01,0.001,2700.0,10000000000.0,0.01,1.0,0.0,10.0,10.0,1
0.0,966.0,0.14767082716323726,-1.836122168520544,0.2,0.01,0.001,2700.0,10000000000.0,0.01,1.0,0.0,10.0,10.0,1
0.0,967.0,0.1417597803583415,-1.804911868873814,0.2,0.01,0.001,2700.0,10000000000.0,0.01,1.0,0.0,10.0,10.0,1
0.0,968.0,0.13622574288944544,-1.7748972129232012,0.2,0.01,0.001,2700.0,10000000000.0,0.01,1.0,0.0,10.0,10.0,1
0.0,969.0,0.13103769658436165,-1.7460050897118977,0.2,0.01,0.001,2700.0,10000000000.0,0.01,1.0,0.0,10.0,10.0,1
0.0,970.0,0.12616774582193063,-1.7181681413259888,0.2,0.01,0.001,2700.0,10000000000.0,0.01,1.0,0.0,10.0,10.0,1
0.0,971.0,0.12159074899217584,-1.6913242130670687,0.2,0.01,0.001,2700.0,10000000000.0,0.01,1.0,0.0,10.0,10.0,1
0.0,972.0,0.11728399958003621,-1.6654158647372386,0.2,0.01,0.001,2700.0,10000000000.0,0.01,1.0,0.0,10.0,10.0,1
0.0,973.0,0.11322694940226738,-1.6403899353579285,0.2,0.01,0.001,2700.0,10000000000.0,0.01,1.0,0.0,10.0,10.0,1
0.0,974.0,0.10940096776581723,-1.6161971547136758,0.2,0.01,0.001,2700.0,10000000000.0,0.01,1.0,0.0,10.0,10.0,1
0.0,975.0,0.1057891313302092,-1.5927917960136646,0.2,0.01,0.001,2700.0,10000000000.0,0.01,1.0,0.0,10.0,10.0,1
0.0,976.0,0.10237604029203219,-1.5701313647376804,0.2,0.01,0.001,2700.0,10000000000.0,0.01,1.0,0.0,10.0,10.0,1
0.0,977.0,0.09914765719885876,-1.5481763193885467,0.2,0.01,0.001,2700.0,10000000000.0,0.01,1.0,0.0,10.0,10.0,1
0.0,978.0,0.09609116527126113,-1.5268898204349166,0.2,0.01,0.001,2700.0,10000000000.0,0.01,1.0,0.0,10.0,10.0,1
0.0,979.0,0.09319484358676075,-1.506237504210532,0.2,0.01,0.001,2700.0,10000000000.0,0.01,1.0,0.0,10.0,10.0,1
0.0,980.0,0.09044795687546936,-1.4861872789470256,0.2,0.01,0.001,2700.0,10000000000.0,0.01,1.0,0.0,10.0,10.0,1
0.0,981.0,0.08784065800905709,-1.4667091404751187,0.2,0.01,0.001,2700.0,10000000000.0,0.01,1.0,0.0,10.0,10.0,1
0.0,982.0,0.08536390154259285,-1.4477750054332439,0.2,0.01,0.001,2700.0,10000000000.0,0.01,1.0,0.0,10.0,10.0,1
0.0,983.0,0.08300936690317402,-1.4293585600880054,0.2,0.01,0.001,2700.0,10000000000.0,0.01,1.0,0.0,10.0,10.0,1
0.0,984.0,0.08076939001701905,-1.4114351231006605,0.2,0.01,0.001,2700.0,10000000000.0,0.01,1.0,0.0,10.0,10.0,1
0.0,985.0,0.07863690233381998,-1.3939815207705277,0.2,0.01,0.001,2700.0,10000000000.0,0.01,1.0,0.0,10.0,10.0,1
0.0,986.0,0.07660537634950347,-1.3769759734613205,0.2,0.01,0.001,2700.0,10000000000.0,0.01,1.0,0.0,10.0,10.0,1
0.0,987.0,0.07466877684909562,-1.3603979920641018,0.2,0.01,0.001,2700.0,10000000000.0,0.01,1.0,0.0,10.0,10.0,1
0.0,988.0,0.07282151719478437,-1.3442282834841788,0.2,0.01,0.001,2700.0,10000000000.0,0.01,1.0,0.0,10.0,10.0,1
0.0,989.0,0.07105842007218961,-1.328448664251576,0.2,0.01,0.001,2700.0,10000000000.0,0.01,1.0,0.0,10.0,10.0,1
0.0,990.0,0.0693746821836631,-1.3130419814570058,0.2,0.01,0.001,2700.0,10000000000.0,0.01,1.0,0.0,10.0,10.0,1
0.0,991.0,0.06776584244217214,-1.2979920403016547,0.2,0.01,0.001,2700.0,10000000000.0,0.01,1.0,0.0,10.0,10.0,1
0.0,992.0,0.06622775327539995,-1.2832835376275795,0.2,0.01,0.001,2700.0,10000000000.0,0.01,1.0,0.0,10.0,10.0,1
0.0,993.0,0.06475655469781773,-1.2689020008627294,0.2,0.01,0.001,2700.0,10000000000.0,0.01,1.0,0.0,10.0,10.0,1
0.0,994.0,0.06334865085031399,-1.2548337318752818,0.2,0.01,0.001,2700.0,10000000000.0,0.01,1.0,0.0,10.0,10.0,1
0.0,995.0,0.06200068874302733,-1.2410657552842714,0.2,0.01,0.001,2700.0,10000000000.0,0.01,1.0,0.0,10.0,10.0,1
0.0,996.0,0.06070953896849391,-1.2275857708207911,0.2,0.01,0.001,2700.0,10000000000.0,0.01,1.0,0.0,10.0,10.0,1
0.0,997.0,0.05947227817948283,-1.2143821093754232,0.2,0.01,0.001,2700.0,10000000000.0,0.01,1.0,0.0,10.0,10.0,1
0.0,998.0,0.05828617314971512,-1.2014436924041059,0.2,0.01,0.001,2700.0,10000000000.0,0.01,1.0,0.0,10.0,10.0,1
0.0,999.0,0.05714866625644314,-1.1887599943977138,0.2,0.01,0.001,2700.0,10000000000.0,0.01,1.0,0.0,10.0,10.0,1
0.0,1000.0,0.05605736224204935,-1.1763210081495101,0.2,0.01,0.001,2700.0,10000000000.0,0.01,1.0,0.0,10.0,10.0,1
